#M[GeV] rtt     rtc       cross-section [pb]
1000    0.05    0.0       2.867e-07 
1000    0.05    0.05       0.0008575 
1000    0.05    0.1       0.001346 
1000    0.05    0.15       0.001507 
1000    0.05    0.2       0.001568 
1000    0.05    0.25       0.001612 
1000    0.05    0.3       0.00163 
1000    0.05    0.35       0.001644 
1000    0.05    0.4       0.001645 
1000    0.05    0.45       0.001656 
1000    0.05    0.5       0.001664 
1000    0.05    0.55       0.001671 
1000    0.05    0.6       0.001672 
1000    0.05    0.65       0.001686 
1000    0.05    0.7       0.001689 
1000    0.05    0.75       0.001698 
1000    0.05    0.8       0.001716 
1000    0.05    0.85       0.001729 
1000    0.05    0.9       0.001742 
1000    0.05    0.95       0.001746 
1000    0.05    1.0       0.001762 
1000    0.15    0.0       2.573e-06 
1000    0.15    0.05       0.001586 
1000    0.15    0.1       0.004802 
1000    0.15    0.15       0.00771 
1000    0.15    0.2       0.009803 
1000    0.15    0.25       0.01122 
1000    0.15    0.3       0.01212 
1000    0.15    0.35       0.0128 
1000    0.15    0.4       0.01329 
1000    0.15    0.45       0.01361 
1000    0.15    0.5       0.01393 
1000    0.15    0.55       0.01414 
1000    0.15    0.6       0.01436 
1000    0.15    0.65       0.01451 
1000    0.15    0.7       0.01471 
1000    0.15    0.75       0.01483 
1000    0.15    0.8       0.01499 
1000    0.15    0.85       0.01522 
1000    0.15    0.9       0.0153 
1000    0.15    0.95       0.01546 
1000    0.15    1.0       0.01551 
1000    0.1    0.0       1.142e-06 
1000    0.1    0.05       0.001397 
1000    0.1    0.1       0.003432 
1000    0.1    0.15       0.004691 
1000    0.1    0.2       0.005359 
1000    0.1    0.25       0.005807 
1000    0.1    0.3       0.006067 
1000    0.1    0.35       0.006217 
1000    0.1    0.4       0.006305 
1000    0.1    0.45       0.006422 
1000    0.1    0.5       0.006474 
1000    0.1    0.55       0.00653 
1000    0.1    0.6       0.006564 
1000    0.1    0.65       0.00662 
1000    0.1    0.7       0.006677 
1000    0.1    0.75       0.006735 
1000    0.1    0.8       0.006808 
1000    0.1    0.85       0.006879 
1000    0.1    0.9       0.006924 
1000    0.1    0.95       0.006943 
1000    0.1    1.0       0.006977 
1000    0.25    0.0       7.176e-06 
1000    0.25    0.05       0.001702 
1000    0.25    0.1       0.00605 
1000    0.25    0.15       0.01158 
1000    0.25    0.2       0.01693 
1000    0.25    0.25       0.02148 
1000    0.25    0.3       0.02525 
1000    0.25    0.35       0.0282 
1000    0.25    0.4       0.03064 
1000    0.25    0.45       0.03255 
1000    0.25    0.5       0.03405 
1000    0.25    0.55       0.03516 
1000    0.25    0.6       0.03638 
1000    0.25    0.65       0.03726 
1000    0.25    0.7       0.0382 
1000    0.25    0.75       0.03892 
1000    0.25    0.8       0.03962 
1000    0.25    0.85       0.0402 
1000    0.25    0.9       0.04092 
1000    0.25    0.95       0.04138 
1000    0.25    1.0       0.04165 
1000    0.2    0.0       4.584e-06 
1000    0.2    0.05       0.001651 
1000    0.2    0.1       0.005586 
1000    0.2    0.15       0.009987 
1000    0.2    0.2       0.01375 
1000    0.2    0.25       0.01675 
1000    0.2    0.3       0.01888 
1000    0.2    0.35       0.02048 
1000    0.2    0.4       0.02168 
1000    0.2    0.45       0.02259 
1000    0.2    0.5       0.02341 
1000    0.2    0.55       0.02396 
1000    0.2    0.6       0.02447 
1000    0.2    0.65       0.02487 
1000    0.2    0.7       0.02541 
1000    0.2    0.75       0.02572 
1000    0.2    0.8       0.02605 
1000    0.2    0.85       0.02649 
1000    0.2    0.9       0.0268 
1000    0.2    0.95       0.02694 
1000    0.2    1.0       0.02706 
1000    0.35    0.0       1.401e-05 
1000    0.35    0.05       0.001751 
1000    0.35    0.1       0.006527 
1000    0.35    0.15       0.01337 
1000    0.35    0.2       0.02113 
1000    0.35    0.25       0.02885 
1000    0.35    0.3       0.03602 
1000    0.35    0.35       0.04222 
1000    0.35    0.4       0.04783 
1000    0.35    0.45       0.05263 
1000    0.35    0.5       0.05646 
1000    0.35    0.55       0.06008 
1000    0.35    0.6       0.06306 
1000    0.35    0.65       0.06578 
1000    0.35    0.7       0.06806 
1000    0.35    0.75       0.07007 
1000    0.35    0.8       0.07215 
1000    0.35    0.85       0.07369 
1000    0.35    0.9       0.07556 
1000    0.35    0.95       0.07654 
1000    0.35    1.0       0.07745 
1000    0.3    0.0       1.03e-05 
1000    0.3    0.05       0.001733 
1000    0.3    0.1       0.006376 
1000    0.3    0.15       0.01261 
1000    0.3    0.2       0.01933 
1000    0.3    0.25       0.02545 
1000    0.3    0.3       0.03106 
1000    0.3    0.35       0.03569 
1000    0.3    0.4       0.03949 
1000    0.3    0.45       0.04282 
1000    0.3    0.5       0.04529 
1000    0.3    0.55       0.04743 
1000    0.3    0.6       0.04934 
1000    0.3    0.65       0.05118 
1000    0.3    0.7       0.05251 
1000    0.3    0.75       0.05392 
1000    0.3    0.8       0.05518 
1000    0.3    0.85       0.05635 
1000    0.3    0.9       0.05726 
1000    0.3    0.95       0.05796 
1000    0.3    1.0       0.05857 
1000    0.45    0.0       2.326e-05 
1000    0.45    0.05       0.001773 
1000    0.45    0.1       0.006767 
1000    0.45    0.15       0.01433 
1000    0.45    0.2       0.02359 
1000    0.45    0.25       0.03359 
1000    0.45    0.3       0.04367 
1000    0.45    0.35       0.05343 
1000    0.45    0.4       0.06222 
1000    0.45    0.45       0.07074 
1000    0.45    0.5       0.07798 
1000    0.45    0.55       0.08437 
1000    0.45    0.6       0.0906 
1000    0.45    0.65       0.0961 
1000    0.45    0.7       0.1004 
1000    0.45    0.75       0.1051 
1000    0.45    0.8       0.1088 
1000    0.45    0.85       0.1122 
1000    0.45    0.9       0.1157 
1000    0.45    0.95       0.118 
1000    0.45    1.0       0.1203 
1000    0.4    0.0       1.833e-05 
1000    0.4    0.05       0.001769 
1000    0.4    0.1       0.006688 
1000    0.4    0.15       0.01394 
1000    0.4    0.2       0.02248 
1000    0.4    0.25       0.03143 
1000    0.4    0.3       0.04018 
1000    0.4    0.35       0.04819 
1000    0.4    0.4       0.05556 
1000    0.4    0.45       0.06174 
1000    0.4    0.5       0.0675 
1000    0.4    0.55       0.07265 
1000    0.4    0.6       0.07702 
1000    0.4    0.65       0.08061 
1000    0.4    0.7       0.08429 
1000    0.4    0.75       0.08739 
1000    0.4    0.8       0.08994 
1000    0.4    0.85       0.0928 
1000    0.4    0.9       0.09509 
1000    0.4    0.95       0.09675 
1000    0.4    1.0       0.09852 
1000    0.55    0.0       3.476e-05 
1000    0.55    0.05       0.00181 
1000    0.55    0.1       0.006933 
1000    0.55    0.15       0.01494 
1000    0.55    0.2       0.02504 
1000    0.55    0.25       0.03669 
1000    0.55    0.3       0.04898 
1000    0.55    0.35       0.06157 
1000    0.55    0.4       0.07375 
1000    0.55    0.45       0.08543 
1000    0.55    0.5       0.09672 
1000    0.55    0.55       0.1067 
1000    0.55    0.6       0.1165 
1000    0.55    0.65       0.1249 
1000    0.55    0.7       0.133 
1000    0.55    0.75       0.1411 
1000    0.55    0.8       0.1475 
1000    0.55    0.85       0.1531 
1000    0.55    0.9       0.1579 
1000    0.55    0.95       0.1627 
1000    0.55    1.0       0.167 
1000    0.5    0.0       2.878e-05 
1000    0.5    0.05       0.001787 
1000    0.5    0.1       0.00686 
1000    0.5    0.15       0.01469 
1000    0.5    0.2       0.02443 
1000    0.5    0.25       0.03534 
1000    0.5    0.3       0.04654 
1000    0.5    0.35       0.05777 
1000    0.5    0.4       0.06855 
1000    0.5    0.45       0.07821 
1000    0.5    0.5       0.08752 
1000    0.5    0.55       0.09617 
1000    0.5    0.6       0.1037 
1000    0.5    0.65       0.1107 
1000    0.5    0.7       0.1174 
1000    0.5    0.75       0.1223 
1000    0.5    0.8       0.1284 
1000    0.5    0.85       0.133 
1000    0.5    0.9       0.1365 
1000    0.5    0.95       0.1404 
1000    0.5    1.0       0.1433 
1000    0.65    0.0       4.881e-05 
1000    0.65    0.05       0.001829 
1000    0.65    0.1       0.007077 
1000    0.65    0.15       0.01538 
1000    0.65    0.2       0.02618 
1000    0.65    0.25       0.03897 
1000    0.65    0.3       0.05304 
1000    0.65    0.35       0.06789 
1000    0.65    0.4       0.08296 
1000    0.65    0.45       0.09767 
1000    0.65    0.5       0.1125 
1000    0.65    0.55       0.1263 
1000    0.65    0.6       0.1398 
1000    0.65    0.65       0.1523 
1000    0.65    0.7       0.1639 
1000    0.65    0.75       0.1744 
1000    0.65    0.8       0.1829 
1000    0.65    0.85       0.1926 
1000    0.65    0.9       0.2006 
1000    0.65    0.95       0.2083 
1000    0.65    1.0       0.2157 
1000    0.6    0.0       4.173e-05 
1000    0.6    0.05       0.001818 
1000    0.6    0.1       0.006984 
1000    0.6    0.15       0.01515 
1000    0.6    0.2       0.02574 
1000    0.6    0.25       0.03788 
1000    0.6    0.3       0.05126 
1000    0.6    0.35       0.06486 
1000    0.6    0.4       0.0786 
1000    0.6    0.45       0.09194 
1000    0.6    0.5       0.1047 
1000    0.6    0.55       0.1168 
1000    0.6    0.6       0.1282 
1000    0.6    0.65       0.1386 
1000    0.6    0.7       0.1487 
1000    0.6    0.75       0.1576 
1000    0.6    0.8       0.1659 
1000    0.6    0.85       0.1729 
1000    0.6    0.9       0.1798 
1000    0.6    0.95       0.1855 
1000    0.6    1.0       0.1911 
1000    0.75    0.0       6.567e-05 
1000    0.75    0.05       0.001871 
1000    0.75    0.1       0.007195 
1000    0.75    0.15       0.01578 
1000    0.75    0.2       0.02712 
1000    0.75    0.25       0.04078 
1000    0.75    0.3       0.05605 
1000    0.75    0.35       0.07295 
1000    0.75    0.4       0.0903 
1000    0.75    0.45       0.1085 
1000    0.75    0.5       0.1254 
1000    0.75    0.55       0.1427 
1000    0.75    0.6       0.1597 
1000    0.75    0.65       0.1756 
1000    0.75    0.7       0.1904 
1000    0.75    0.75       0.2046 
1000    0.75    0.8       0.2178 
1000    0.75    0.85       0.2304 
1000    0.75    0.9       0.242 
1000    0.75    0.95       0.2526 
1000    0.75    1.0       0.2631 
1000    0.7    0.0       5.668e-05 
1000    0.7    0.05       0.001838 
1000    0.7    0.1       0.007091 
1000    0.7    0.15       0.01558 
1000    0.7    0.2       0.02663 
1000    0.7    0.25       0.03996 
1000    0.7    0.3       0.05483 
1000    0.7    0.35       0.07047 
1000    0.7    0.4       0.08675 
1000    0.7    0.45       0.103 
1000    0.7    0.5       0.119 
1000    0.7    0.55       0.1349 
1000    0.7    0.6       0.1503 
1000    0.7    0.65       0.1643 
1000    0.7    0.7       0.1777 
1000    0.7    0.75       0.1895 
1000    0.7    0.8       0.2013 
1000    0.7    0.85       0.2119 
1000    0.7    0.9       0.2217 
1000    0.7    0.95       0.2314 
1000    0.7    1.0       0.2397 
1000    0.85    0.0       8.5e-05 
1000    0.85    0.05       0.001909 
1000    0.85    0.1       0.007325 
1000    0.85    0.15       0.01603 
1000    0.85    0.2       0.02789 
1000    0.85    0.25       0.04242 
1000    0.85    0.3       0.05872 
1000    0.85    0.35       0.07707 
1000    0.85    0.4       0.0963 
1000    0.85    0.45       0.1163 
1000    0.85    0.5       0.1365 
1000    0.85    0.55       0.1568 
1000    0.85    0.6       0.176 
1000    0.85    0.65       0.1958 
1000    0.85    0.7       0.2139 
1000    0.85    0.75       0.2322 
1000    0.85    0.8       0.2492 
1000    0.85    0.85       0.266 
1000    0.85    0.9       0.2808 
1000    0.85    0.95       0.2951 
1000    0.85    1.0       0.3095 
1000    0.8    0.0       7.521e-05 
1000    0.8    0.05       0.001888 
1000    0.8    0.1       0.007273 
1000    0.8    0.15       0.01591 
1000    0.8    0.2       0.02749 
1000    0.8    0.25       0.04154 
1000    0.8    0.3       0.05757 
1000    0.8    0.35       0.07502 
1000    0.8    0.4       0.09361 
1000    0.8    0.45       0.1122 
1000    0.8    0.5       0.1317 
1000    0.8    0.55       0.1501 
1000    0.8    0.6       0.1688 
1000    0.8    0.65       0.1857 
1000    0.8    0.7       0.2029 
1000    0.8    0.75       0.2189 
1000    0.8    0.8       0.2338 
1000    0.8    0.85       0.2483 
1000    0.8    0.9       0.2613 
1000    0.8    0.95       0.2747 
1000    0.8    1.0       0.2864 
1000    0.95    0.0       0.0001082 
1000    0.95    0.05       0.001961 
1000    0.95    0.1       0.007458 
1000    0.95    0.15       0.01638 
1000    0.95    0.2       0.0286 
1000    0.95    0.25       0.04345 
1000    0.95    0.3       0.06082 
1000    0.95    0.35       0.08016 
1000    0.95    0.4       0.1009 
1000    0.95    0.45       0.1226 
1000    0.95    0.5       0.145 
1000    0.95    0.55       0.1678 
1000    0.95    0.6       0.19 
1000    0.95    0.65       0.2129 
1000    0.95    0.7       0.2347 
1000    0.95    0.75       0.256 
1000    0.95    0.8       0.2772 
1000    0.95    0.85       0.2966 
1000    0.95    0.9       0.316 
1000    0.95    0.95       0.3341 
1000    0.95    1.0       0.351 
1000    0.9    0.0       9.601e-05 
1000    0.9    0.05       0.001929 
1000    0.9    0.1       0.007363 
1000    0.9    0.15       0.01624 
1000    0.9    0.2       0.02825 
1000    0.9    0.25       0.04295 
1000    0.9    0.3       0.06003 
1000    0.9    0.35       0.07856 
1000    0.9    0.4       0.09876 
1000    0.9    0.45       0.1199 
1000    0.9    0.5       0.141 
1000    0.9    0.55       0.1625 
1000    0.9    0.6       0.1837 
1000    0.9    0.65       0.2044 
1000    0.9    0.7       0.225 
1000    0.9    0.75       0.2446 
1000    0.9    0.8       0.2642 
1000    0.9    0.85       0.2816 
1000    0.9    0.9       0.2982 
1000    0.9    0.95       0.315 
1000    0.9    1.0       0.3305 
1000    1.0    0.0       0.0001196 
1000    1.0    0.05       0.001982 
1000    1.0    0.1       0.007522 
1000    1.0    0.15       0.01656 
1000    1.0    0.2       0.02882 
1000    1.0    0.25       0.04395 
1000    1.0    0.3       0.06153 
1000    1.0    0.35       0.08135 
1000    1.0    0.4       0.1028 
1000    1.0    0.45       0.1253 
1000    1.0    0.5       0.1486 
1000    1.0    0.55       0.1726 
1000    1.0    0.6       0.1966 
1000    1.0    0.65       0.2208 
1000    1.0    0.7       0.244 
1000    1.0    0.75       0.2673 
1000    1.0    0.8       0.2898 
1000    1.0    0.85       0.3118 
1000    1.0    0.9       0.3328 
1000    1.0    0.95       0.3525 
1000    1.0    1.0       0.3708 
200    0.05    0.0       0.000106 
200    0.05    0.05       0.07499 
200    0.05    0.1       0.07852 
200    0.05    0.15       0.07927 
200    0.05    0.2       0.07948 
200    0.05    0.25       0.07944 
200    0.05    0.3       0.07942 
200    0.05    0.35       0.07987 
200    0.05    0.4       0.07974 
200    0.05    0.45       0.08017 
200    0.05    0.5       0.08017 
200    0.05    0.55       0.08064 
200    0.05    0.6       0.08091 
200    0.05    0.65       0.08146 
200    0.05    0.7       0.08186 
200    0.05    0.75       0.0823 
200    0.05    0.8       0.08256 
200    0.05    0.85       0.08335 
200    0.05    0.9       0.08368 
200    0.05    0.95       0.08441 
200    0.05    1.0       0.08512 
200    0.15    0.0       0.0009552 
200    0.15    0.05       0.4496 
200    0.15    0.1       0.6251 
200    0.15    0.15       0.6734 
200    0.15    0.2       0.6923 
200    0.15    0.25       0.6998 
200    0.15    0.3       0.7048 
200    0.15    0.35       0.7108 
200    0.15    0.4       0.7113 
200    0.15    0.45       0.7164 
200    0.15    0.5       0.7175 
200    0.15    0.55       0.7226 
200    0.15    0.6       0.7268 
200    0.15    0.65       0.731 
200    0.15    0.7       0.7352 
200    0.15    0.75       0.7391 
200    0.15    0.8       0.7405 
200    0.15    0.85       0.7482 
200    0.15    0.9       0.7512 
200    0.15    0.95       0.7591 
200    0.15    1.0       0.7641 
200    0.1    0.0       0.0004244 
200    0.1    0.05       0.2528 
200    0.1    0.1       0.2994 
200    0.1    0.15       0.3098 
200    0.1    0.2       0.314 
200    0.1    0.25       0.3149 
200    0.1    0.3       0.3167 
200    0.1    0.35       0.318 
200    0.1    0.4       0.3177 
200    0.1    0.45       0.3196 
200    0.1    0.5       0.32 
200    0.1    0.55       0.3221 
200    0.1    0.6       0.3239 
200    0.1    0.65       0.3251 
200    0.1    0.7       0.3271 
200    0.1    0.75       0.3288 
200    0.1    0.8       0.3301 
200    0.1    0.85       0.3332 
200    0.1    0.9       0.3345 
200    0.1    0.95       0.3375 
200    0.1    1.0       0.3401 
200    0.25    0.0       0.002656 
200    0.25    0.05       0.7517 
200    0.25    0.1       1.41 
200    0.25    0.15       1.68 
200    0.25    0.2       1.807 
200    0.25    0.25       1.868 
200    0.25    0.3       1.902 
200    0.25    0.35       1.933 
200    0.25    0.4       1.945 
200    0.25    0.45       1.963 
200    0.25    0.5       1.972 
200    0.25    0.55       1.992 
200    0.25    0.6       2.004 
200    0.25    0.65       2.017 
200    0.25    0.7       2.033 
200    0.25    0.75       2.042 
200    0.25    0.8       2.051 
200    0.25    0.85       2.072 
200    0.25    0.9       2.081 
200    0.25    0.95       2.098 
200    0.25    1.0       2.114 
200    0.2    0.0       0.001705 
200    0.2    0.05       0.6187 
200    0.2    0.1       1.008 
200    0.2    0.15       1.141 
200    0.2    0.2       1.198 
200    0.2    0.25       1.221 
200    0.2    0.3       1.238 
200    0.2    0.35       1.251 
200    0.2    0.4       1.258 
200    0.2    0.45       1.266 
200    0.2    0.5       1.27 
200    0.2    0.55       1.28 
200    0.2    0.6       1.286 
200    0.2    0.65       1.296 
200    0.2    0.7       1.303 
200    0.2    0.75       1.311 
200    0.2    0.8       1.316 
200    0.2    0.85       1.329 
200    0.2    0.9       1.334 
200    0.2    0.95       1.345 
200    0.2    1.0       1.356 
200    0.35    0.0       0.005221 
200    0.35    0.05       0.9198 
200    0.35    0.1       2.153 
200    0.35    0.15       2.874 
200    0.35    0.2       3.244 
200    0.35    0.25       3.45 
200    0.35    0.3       3.584 
200    0.35    0.35       3.668 
200    0.35    0.4       3.721 
200    0.35    0.45       3.78 
200    0.35    0.5       3.811 
200    0.35    0.55       3.855 
200    0.35    0.6       3.884 
200    0.35    0.65       3.921 
200    0.35    0.7       3.957 
200    0.35    0.75       3.977 
200    0.35    0.8       4.001 
200    0.35    0.85       4.04 
200    0.35    0.9       4.066 
200    0.35    0.95       4.096 
200    0.35    1.0       4.142 
200    0.3    0.0       0.003829 
200    0.3    0.05       0.8478 
200    0.3    0.1       1.798 
200    0.3    0.15       2.271 
200    0.3    0.2       2.498 
200    0.3    0.25       2.619 
200    0.3    0.3       2.692 
200    0.3    0.35       2.742 
200    0.3    0.4       2.778 
200    0.3    0.45       2.807 
200    0.3    0.5       2.826 
200    0.3    0.55       2.853 
200    0.3    0.6       2.871 
200    0.3    0.65       2.895 
200    0.3    0.7       2.917 
200    0.3    0.75       2.932 
200    0.3    0.8       2.95 
200    0.3    0.85       2.979 
200    0.3    0.9       2.991 
200    0.3    0.95       3.015 
200    0.3    1.0       3.045 
200    0.45    0.0       0.008605 
200    0.45    0.05       1.017 
200    0.45    0.1       2.753 
200    0.45    0.15       4.042 
200    0.45    0.2       4.828 
200    0.45    0.25       5.309 
200    0.45    0.3       5.622 
200    0.45    0.35       5.828 
200    0.45    0.4       5.966 
200    0.45    0.45       6.081 
200    0.45    0.5       6.181 
200    0.45    0.55       6.269 
200    0.45    0.6       6.331 
200    0.45    0.65       6.396 
200    0.45    0.7       6.475 
200    0.45    0.75       6.521 
200    0.45    0.8       6.562 
200    0.45    0.85       6.629 
200    0.45    0.9       6.68 
200    0.45    0.95       6.736 
200    0.45    1.0       6.795 
200    0.4    0.0       0.006824 
200    0.4    0.05       0.9751 
200    0.4    0.1       2.475 
200    0.4    0.15       3.47 
200    0.4    0.2       4.028 
200    0.4    0.25       4.351 
200    0.4    0.3       4.566 
200    0.4    0.35       4.697 
200    0.4    0.4       4.794 
200    0.4    0.45       4.882 
200    0.4    0.5       4.931 
200    0.4    0.55       4.993 
200    0.4    0.6       5.044 
200    0.4    0.65       5.095 
200    0.4    0.7       5.14 
200    0.4    0.75       5.176 
200    0.4    0.8       5.209 
200    0.4    0.85       5.257 
200    0.4    0.9       5.294 
200    0.4    0.95       5.339 
200    0.4    1.0       5.383 
200    0.55    0.0       0.01286 
200    0.55    0.05       1.077 
200    0.55    0.1       3.206 
200    0.55    0.15       5.095 
200    0.55    0.2       6.4 
200    0.55    0.25       7.272 
200    0.55    0.3       7.871 
200    0.55    0.35       8.294 
200    0.55    0.4       8.586 
200    0.55    0.45       8.817 
200    0.55    0.5       9.007 
200    0.55    0.55       9.147 
200    0.55    0.6       9.311 
200    0.55    0.65       9.411 
200    0.55    0.7       9.519 
200    0.55    0.75       9.641 
200    0.55    0.8       9.716 
200    0.55    0.85       9.852 
200    0.55    0.9       9.902 
200    0.55    0.95       9.997 
200    0.55    1.0       10.09 
200    0.5    0.0       0.01058 
200    0.5    0.05       1.049 
200    0.5    0.1       2.993 
200    0.5    0.15       4.585 
200    0.5    0.2       5.636 
200    0.5    0.25       6.28 
200    0.5    0.3       6.725 
200    0.5    0.35       7.032 
200    0.5    0.4       7.236 
200    0.5    0.45       7.4 
200    0.5    0.5       7.537 
200    0.5    0.55       7.655 
200    0.5    0.6       7.755 
200    0.5    0.65       7.85 
200    0.5    0.7       7.941 
200    0.5    0.75       8.008 
200    0.5    0.8       8.071 
200    0.5    0.85       8.156 
200    0.5    0.9       8.206 
200    0.5    0.95       8.288 
200    0.5    1.0       8.37 
200    0.65    0.0       0.01795 
200    0.65    0.05       1.118 
200    0.65    0.1       3.544 
200    0.65    0.15       5.987 
200    0.65    0.2       7.913 
200    0.65    0.25       9.291 
200    0.65    0.3       10.28 
200    0.65    0.35       10.99 
200    0.65    0.4       11.51 
200    0.65    0.45       11.9 
200    0.65    0.5       12.21 
200    0.65    0.55       12.5 
200    0.65    0.6       12.73 
200    0.65    0.65       12.95 
200    0.65    0.7       13.12 
200    0.65    0.75       13.29 
200    0.65    0.8       13.4 
200    0.65    0.85       13.61 
200    0.65    0.9       13.73 
200    0.65    0.95       13.85 
200    0.65    1.0       14 
200    0.6    0.0       0.01531 
200    0.6    0.05       1.095 
200    0.6    0.1       3.389 
200    0.6    0.15       5.563 
200    0.6    0.2       7.167 
200    0.6    0.25       8.287 
200    0.6    0.3       9.08 
200    0.6    0.35       9.612 
200    0.6    0.4       9.987 
200    0.6    0.45       10.31 
200    0.6    0.5       10.58 
200    0.6    0.55       10.79 
200    0.6    0.6       10.96 
200    0.6    0.65       11.13 
200    0.6    0.7       11.27 
200    0.6    0.75       11.41 
200    0.6    0.8       11.48 
200    0.6    0.85       11.66 
200    0.6    0.9       11.71 
200    0.6    0.95       11.86 
200    0.6    1.0       11.97 
200    0.75    0.0       0.02398 
200    0.75    0.05       1.147 
200    0.75    0.1       3.799 
200    0.75    0.15       6.726 
200    0.75    0.2       9.25 
200    0.75    0.25       11.23 
200    0.75    0.3       12.68 
200    0.75    0.35       13.77 
200    0.75    0.4       14.59 
200    0.75    0.45       15.23 
200    0.75    0.5       15.76 
200    0.75    0.55       16.22 
200    0.75    0.6       16.54 
200    0.75    0.65       16.89 
200    0.75    0.7       17.16 
200    0.75    0.75       17.44 
200    0.75    0.8       17.63 
200    0.75    0.85       17.92 
200    0.75    0.9       18.03 
200    0.75    0.95       18.26 
200    0.75    1.0       18.49 
200    0.7    0.0       0.02078 
200    0.7    0.05       1.131 
200    0.7    0.1       3.679 
200    0.7    0.15       6.387 
200    0.7    0.2       8.592 
200    0.7    0.25       10.26 
200    0.7    0.3       11.49 
200    0.7    0.35       12.36 
200    0.7    0.4       13.02 
200    0.7    0.45       13.55 
200    0.7    0.5       13.95 
200    0.7    0.55       14.32 
200    0.7    0.6       14.59 
200    0.7    0.65       14.86 
200    0.7    0.7       15.07 
200    0.7    0.75       15.3 
200    0.7    0.8       15.44 
200    0.7    0.85       15.69 
200    0.7    0.9       15.8 
200    0.7    0.95       16 
200    0.7    1.0       16.18 
200    0.85    0.0       0.03087 
200    0.85    0.05       1.163 
200    0.85    0.1       3.984 
200    0.85    0.15       7.351 
200    0.85    0.2       10.46 
200    0.85    0.25       13.01 
200    0.85    0.3       15.04 
200    0.85    0.35       16.59 
200    0.85    0.4       17.82 
200    0.85    0.45       18.73 
200    0.85    0.5       19.53 
200    0.85    0.55       20.19 
200    0.85    0.6       20.72 
200    0.85    0.65       21.22 
200    0.85    0.7       21.61 
200    0.85    0.75       21.98 
200    0.85    0.8       22.31 
200    0.85    0.85       22.7 
200    0.85    0.9       22.88 
200    0.85    0.95       23.22 
200    0.85    1.0       23.51 
200    0.8    0.0       0.0271 
200    0.8    0.05       1.155 
200    0.8    0.1       3.894 
200    0.8    0.15       7.045 
200    0.8    0.2       9.86 
200    0.8    0.25       12.12 
200    0.8    0.3       13.87 
200    0.8    0.35       15.19 
200    0.8    0.4       16.2 
200    0.8    0.45       16.94 
200    0.8    0.5       17.61 
200    0.8    0.55       18.18 
200    0.8    0.6       18.58 
200    0.8    0.65       19.01 
200    0.8    0.7       19.3 
200    0.8    0.75       19.66 
200    0.8    0.8       19.93 
200    0.8    0.85       20.24 
200    0.8    0.9       20.4 
200    0.8    0.95       20.66 
200    0.8    1.0       20.94 
200    0.95    0.0       0.03842 
200    0.95    0.05       1.183 
200    0.95    0.1       4.13 
200    0.95    0.15       7.834 
200    0.95    0.2       11.5 
200    0.95    0.25       14.71 
200    0.95    0.3       17.31 
200    0.95    0.35       19.32 
200    0.95    0.4       21 
200    0.95    0.45       22.37 
200    0.95    0.5       23.51 
200    0.95    0.55       24.39 
200    0.95    0.6       25.19 
200    0.95    0.65       25.88 
200    0.95    0.7       26.43 
200    0.95    0.75       26.94 
200    0.95    0.8       27.5 
200    0.95    0.85       27.93 
200    0.95    0.9       28.23 
200    0.95    0.95       28.65 
200    0.95    1.0       29.04 
200    0.9    0.0       0.03472 
200    0.9    0.05       1.175 
200    0.9    0.1       4.054 
200    0.9    0.15       7.6 
200    0.9    0.2       10.98 
200    0.9    0.25       13.9 
200    0.9    0.3       16.18 
200    0.9    0.35       17.97 
200    0.9    0.4       19.44 
200    0.9    0.45       20.56 
200    0.9    0.5       21.5 
200    0.9    0.55       22.27 
200    0.9    0.6       22.94 
200    0.9    0.65       23.52 
200    0.9    0.7       23.97 
200    0.9    0.75       24.39 
200    0.9    0.8       24.86 
200    0.9    0.85       25.25 
200    0.9    0.9       25.51 
200    0.9    0.95       25.89 
200    0.9    1.0       26.22 
200    1.0    0.0       0.04268 
200    1.0    0.05       1.191 
200    1.0    0.1       4.187 
200    1.0    0.15       8.066 
200    1.0    0.2       11.97 
200    1.0    0.25       15.49 
200    1.0    0.3       18.4 
200    1.0    0.35       20.76 
200    1.0    0.4       22.62 
200    1.0    0.45       24.2 
200    1.0    0.5       25.51 
200    1.0    0.55       26.57 
200    1.0    0.6       27.51 
200    1.0    0.65       28.25 
200    1.0    0.7       28.97 
200    1.0    0.75       29.54 
200    1.0    0.8       30.18 
200    1.0    0.85       30.7 
200    1.0    0.9       31.16 
200    1.0    0.95       31.61 
200    1.0    1.0       31.98 
300    0.05    0.0       3.293e-05 
300    0.05    0.05       0.09044 
300    0.05    0.1       0.1181 
300    0.05    0.15       0.1249 
300    0.05    0.2       0.1276 
300    0.05    0.25       0.1289 
300    0.05    0.3       0.1292 
300    0.05    0.35       0.1295 
300    0.05    0.4       0.1298 
300    0.05    0.45       0.1298 
300    0.05    0.5       0.1299 
300    0.05    0.55       0.1301 
300    0.05    0.6       0.1293 
300    0.05    0.65       0.1292 
300    0.05    0.7       0.1289 
300    0.05    0.75       0.1283 
300    0.05    0.8       0.1276 
300    0.05    0.85       0.1272 
300    0.05    0.9       0.1265 
300    0.05    0.95       0.1259 
300    0.05    1.0       0.1255 
300    0.15    0.0       0.0002968 
300    0.15    0.05       0.2345 
300    0.15    0.1       0.5849 
300    0.15    0.15       0.8119 
300    0.15    0.2       0.9423 
300    0.15    0.25       1.014 
300    0.15    0.3       1.059 
300    0.15    0.35       1.088 
300    0.15    0.4       1.108 
300    0.15    0.45       1.119 
300    0.15    0.5       1.13 
300    0.15    0.55       1.133 
300    0.15    0.6       1.133 
300    0.15    0.65       1.136 
300    0.15    0.7       1.137 
300    0.15    0.75       1.134 
300    0.15    0.8       1.132 
300    0.15    0.85       1.129 
300    0.15    0.9       1.123 
300    0.15    0.95       1.123 
300    0.15    1.0       1.119 
300    0.1    0.0       0.0001317 
300    0.1    0.05       0.1875 
300    0.1    0.1       0.3625 
300    0.1    0.15       0.4359 
300    0.1    0.2       0.4714 
300    0.1    0.25       0.4888 
300    0.1    0.3       0.4982 
300    0.1    0.35       0.5049 
300    0.1    0.4       0.5087 
300    0.1    0.45       0.5107 
300    0.1    0.5       0.5132 
300    0.1    0.55       0.5141 
300    0.1    0.6       0.512 
300    0.1    0.65       0.5128 
300    0.1    0.7       0.5113 
300    0.1    0.75       0.5094 
300    0.1    0.8       0.5079 
300    0.1    0.85       0.506 
300    0.1    0.9       0.5039 
300    0.1    0.95       0.502 
300    0.1    1.0       0.4999 
300    0.25    0.0       0.0008223 
300    0.25    0.05       0.268 
300    0.25    0.1       0.8595 
300    0.25    0.15       1.459 
300    0.25    0.2       1.916 
300    0.25    0.25       2.254 
300    0.25    0.3       2.493 
300    0.25    0.35       2.66 
300    0.25    0.4       2.776 
300    0.25    0.45       2.873 
300    0.25    0.5       2.941 
300    0.25    0.55       2.975 
300    0.25    0.6       3.009 
300    0.25    0.65       3.043 
300    0.25    0.7       3.054 
300    0.25    0.75       3.055 
300    0.25    0.8       3.057 
300    0.25    0.85       3.058 
300    0.25    0.9       3.061 
300    0.25    0.95       3.062 
300    0.25    1.0       3.045 
300    0.2    0.0       0.0005274 
300    0.2    0.05       0.2554 
300    0.2    0.1       0.7476 
300    0.2    0.15       1.164 
300    0.2    0.2       1.448 
300    0.2    0.25       1.625 
300    0.2    0.3       1.741 
300    0.2    0.35       1.816 
300    0.2    0.4       1.879 
300    0.2    0.45       1.92 
300    0.2    0.5       1.95 
300    0.2    0.55       1.968 
300    0.2    0.6       1.977 
300    0.2    0.65       1.988 
300    0.2    0.7       1.989 
300    0.2    0.75       1.989 
300    0.2    0.8       1.986 
300    0.2    0.85       1.987 
300    0.2    0.9       1.977 
300    0.2    0.95       1.981 
300    0.2    1.0       1.972 
300    0.35    0.0       0.001615 
300    0.35    0.05       0.2802 
300    0.35    0.1       0.9876 
300    0.35    0.15       1.861 
300    0.35    0.2       2.696 
300    0.35    0.25       3.407 
300    0.35    0.3       3.975 
300    0.35    0.35       4.416 
300    0.35    0.4       4.754 
300    0.35    0.45       5.017 
300    0.35    0.5       5.235 
300    0.35    0.55       5.383 
300    0.35    0.6       5.495 
300    0.35    0.65       5.591 
300    0.35    0.7       5.663 
300    0.35    0.75       5.708 
300    0.35    0.8       5.751 
300    0.35    0.85       5.761 
300    0.35    0.9       5.802 
300    0.35    0.95       5.814 
300    0.35    1.0       5.797 
300    0.3    0.0       0.001184 
300    0.3    0.05       0.275 
300    0.3    0.1       0.9362 
300    0.3    0.15       1.684 
300    0.3    0.2       2.342 
300    0.3    0.25       2.857 
300    0.3    0.3       3.244 
300    0.3    0.35       3.54 
300    0.3    0.4       3.754 
300    0.3    0.45       3.922 
300    0.3    0.5       4.04 
300    0.3    0.55       4.132 
300    0.3    0.6       4.197 
300    0.3    0.65       4.263 
300    0.3    0.7       4.277 
300    0.3    0.75       4.303 
300    0.3    0.8       4.328 
300    0.3    0.85       4.318 
300    0.3    0.9       4.344 
300    0.3    0.95       4.333 
300    0.3    1.0       4.326 
300    0.45    0.0       0.002642 
300    0.45    0.05       0.2858 
300    0.45    0.1       1.049 
300    0.45    0.15       2.099 
300    0.45    0.2       3.227 
300    0.45    0.25       4.314 
300    0.45    0.3       5.26 
300    0.45    0.35       6.053 
300    0.45    0.4       6.733 
300    0.45    0.45       7.271 
300    0.45    0.5       7.725 
300    0.45    0.55       8.066 
300    0.45    0.6       8.377 
300    0.45    0.65       8.575 
300    0.45    0.7       8.76 
300    0.45    0.75       8.907 
300    0.45    0.8       9.019 
300    0.45    0.85       9.111 
300    0.45    0.9       9.182 
300    0.45    0.95       9.249 
300    0.45    1.0       9.249 
300    0.4    0.0       0.002101 
300    0.4    0.05       0.2835 
300    0.4    0.1       1.023 
300    0.4    0.15       1.992 
300    0.4    0.2       2.987 
300    0.4    0.25       3.883 
300    0.4    0.3       4.647 
300    0.4    0.35       5.272 
300    0.4    0.4       5.768 
300    0.4    0.45       6.177 
300    0.4    0.5       6.478 
300    0.4    0.55       6.705 
300    0.4    0.6       6.894 
300    0.4    0.65       7.046 
300    0.4    0.7       7.164 
300    0.4    0.75       7.247 
300    0.4    0.8       7.327 
300    0.4    0.85       7.376 
300    0.4    0.9       7.422 
300    0.4    0.95       7.456 
300    0.4    1.0       7.433 
300    0.55    0.0       0.003993 
300    0.55    0.05       0.2877 
300    0.55    0.1       1.084 
300    0.55    0.15       2.243 
300    0.55    0.2       3.598 
300    0.55    0.25       4.978 
300    0.55    0.3       6.29 
300    0.55    0.35       7.485 
300    0.55    0.4       8.535 
300    0.55    0.45       9.406 
300    0.55    0.5       10.16 
300    0.55    0.55       10.79 
300    0.55    0.6       11.3 
300    0.55    0.65       11.76 
300    0.55    0.7       12.1 
300    0.55    0.75       12.42 
300    0.55    0.8       12.62 
300    0.55    0.85       12.88 
300    0.55    0.9       13.03 
300    0.55    0.95       13.16 
300    0.55    1.0       13.25 
300    0.5    0.0       0.003272 
300    0.5    0.05       0.2877 
300    0.5    0.1       1.069 
300    0.5    0.15       2.177 
300    0.5    0.2       3.433 
300    0.5    0.25       4.682 
300    0.5    0.3       5.806 
300    0.5    0.35       6.824 
300    0.5    0.4       7.671 
300    0.5    0.45       8.374 
300    0.5    0.5       8.94 
300    0.5    0.55       9.431 
300    0.5    0.6       9.853 
300    0.5    0.65       10.16 
300    0.5    0.7       10.42 
300    0.5    0.75       10.65 
300    0.5    0.8       10.79 
300    0.5    0.85       10.96 
300    0.5    0.9       11.08 
300    0.5    0.95       11.15 
300    0.5    1.0       11.18 
300    0.65    0.0       0.005558 
300    0.65    0.05       0.2909 
300    0.65    0.1       1.109 
300    0.65    0.15       2.342 
300    0.65    0.2       3.841 
300    0.65    0.25       5.46 
300    0.65    0.3       7.095 
300    0.65    0.35       8.619 
300    0.65    0.4       10.04 
300    0.65    0.45       11.31 
300    0.65    0.5       12.44 
300    0.65    0.55       13.41 
300    0.65    0.6       14.21 
300    0.65    0.65       14.93 
300    0.65    0.7       15.56 
300    0.65    0.75       16.02 
300    0.65    0.8       16.48 
300    0.65    0.85       16.88 
300    0.65    0.9       17.19 
300    0.65    0.95       17.39 
300    0.65    1.0       17.59 
300    0.6    0.0       0.004719 
300    0.6    0.05       0.2902 
300    0.6    0.1       1.101 
300    0.6    0.15       2.298 
300    0.6    0.2       3.726 
300    0.6    0.25       5.238 
300    0.6    0.3       6.723 
300    0.6    0.35       8.083 
300    0.6    0.4       9.332 
300    0.6    0.45       10.38 
300    0.6    0.5       11.3 
300    0.6    0.55       12.15 
300    0.6    0.6       12.77 
300    0.6    0.65       13.34 
300    0.6    0.7       13.83 
300    0.6    0.75       14.24 
300    0.6    0.8       14.57 
300    0.6    0.85       14.85 
300    0.6    0.9       15.1 
300    0.6    0.95       15.22 
300    0.6    1.0       15.38 
300    0.75    0.0       0.007378 
300    0.75    0.05       0.2945 
300    0.75    0.1       1.123 
300    0.75    0.15       2.408 
300    0.75    0.2       4.003 
300    0.75    0.25       5.809 
300    0.75    0.3       7.661 
300    0.75    0.35       9.549 
300    0.75    0.4       11.27 
300    0.75    0.45       12.95 
300    0.75    0.5       14.39 
300    0.75    0.55       15.75 
300    0.75    0.6       16.92 
300    0.75    0.65       17.98 
300    0.75    0.7       18.87 
300    0.75    0.75       19.66 
300    0.75    0.8       20.35 
300    0.75    0.85       20.91 
300    0.75    0.9       21.37 
300    0.75    0.95       21.79 
300    0.75    1.0       22.14 
300    0.7    0.0       0.006432 
300    0.7    0.05       0.2933 
300    0.7    0.1       1.118 
300    0.7    0.15       2.377 
300    0.7    0.2       3.932 
300    0.7    0.25       5.647 
300    0.7    0.3       7.412 
300    0.7    0.35       9.087 
300    0.7    0.4       10.69 
300    0.7    0.45       12.16 
300    0.7    0.5       13.46 
300    0.7    0.55       14.59 
300    0.7    0.6       15.59 
300    0.7    0.65       16.47 
300    0.7    0.7       17.2 
300    0.7    0.75       17.79 
300    0.7    0.8       18.45 
300    0.7    0.85       18.88 
300    0.7    0.9       19.28 
300    0.7    0.95       19.58 
300    0.7    1.0       19.83 
300    0.85    0.0       0.00947 
300    0.85    0.05       0.2962 
300    0.85    0.1       1.13 
300    0.85    0.15       2.438 
300    0.85    0.2       4.117 
300    0.85    0.25       6.047 
300    0.85    0.3       8.107 
300    0.85    0.35       10.25 
300    0.85    0.4       12.29 
300    0.85    0.45       14.27 
300    0.85    0.5       16.11 
300    0.85    0.55       17.79 
300    0.85    0.6       19.38 
300    0.85    0.65       20.77 
300    0.85    0.7       22.01 
300    0.85    0.75       23.12 
300    0.85    0.8       24.13 
300    0.85    0.85       24.92 
300    0.85    0.9       25.67 
300    0.85    0.95       26.25 
300    0.85    1.0       26.83 
300    0.8    0.0       0.008392 
300    0.8    0.05       0.2951 
300    0.8    0.1       1.127 
300    0.8    0.15       2.427 
300    0.8    0.2       4.069 
300    0.8    0.25       5.931 
300    0.8    0.3       7.919 
300    0.8    0.35       9.866 
300    0.8    0.4       11.85 
300    0.8    0.45       13.65 
300    0.8    0.5       15.3 
300    0.8    0.55       16.82 
300    0.8    0.6       18.17 
300    0.8    0.65       19.37 
300    0.8    0.7       20.41 
300    0.8    0.75       21.44 
300    0.8    0.8       22.26 
300    0.8    0.85       22.98 
300    0.8    0.9       23.51 
300    0.8    0.95       24.03 
300    0.8    1.0       24.56 
300    0.95    0.0       0.0117 
300    0.95    0.05       0.2973 
300    0.95    0.1       1.132 
300    0.95    0.15       2.459 
300    0.95    0.2       4.195 
300    0.95    0.25       6.232 
300    0.95    0.3       8.442 
300    0.95    0.35       10.76 
300    0.95    0.4       13.1 
300    0.95    0.45       15.37 
300    0.95    0.5       17.56 
300    0.95    0.55       19.64 
300    0.95    0.6       21.47 
300    0.95    0.65       23.24 
300    0.95    0.7       24.93 
300    0.95    0.75       26.38 
300    0.95    0.8       27.61 
300    0.95    0.85       28.72 
300    0.95    0.9       29.73 
300    0.95    0.95       30.71 
300    0.95    1.0       31.43 
300    0.9    0.0       0.01064 
300    0.9    0.05       0.2964 
300    0.9    0.1       1.13 
300    0.9    0.15       2.451 
300    0.9    0.2       4.159 
300    0.9    0.25       6.143 
300    0.9    0.3       8.308 
300    0.9    0.35       10.51 
300    0.9    0.4       12.7 
300    0.9    0.45       14.85 
300    0.9    0.5       16.86 
300    0.9    0.55       18.76 
300    0.9    0.6       20.5 
300    0.9    0.65       22.02 
300    0.9    0.7       23.49 
300    0.9    0.75       24.78 
300    0.9    0.8       25.91 
300    0.9    0.85       26.81 
300    0.9    0.9       27.66 
300    0.9    0.95       28.43 
300    0.9    1.0       29.21 
300    1.0    0.0       0.01302 
300    1.0    0.05       0.2993 
300    1.0    0.1       1.139 
300    1.0    0.15       2.475 
300    1.0    0.2       4.221 
300    1.0    0.25       6.298 
300    1.0    0.3       8.581 
300    1.0    0.35       10.99 
300    1.0    0.4       13.44 
300    1.0    0.45       15.86 
300    1.0    0.5       18.21 
300    1.0    0.55       20.39 
300    1.0    0.6       22.52 
300    1.0    0.65       24.52 
300    1.0    0.7       26.23 
300    1.0    0.75       27.91 
300    1.0    0.8       29.27 
300    1.0    0.85       30.56 
300    1.0    0.9       31.73 
300    1.0    0.95       32.75 
300    1.0    1.0       33.78 
350    0.05    0.05       0.06029 
350    0.05    0.1       0.08271 
350    0.05    0.15       0.08912 
350    0.05    0.2       0.09162 
350    0.05    0.25       0.09251 
350    0.05    0.3       0.09316 
350    0.05    0.35       0.09339 
350    0.05    0.4       0.09373 
350    0.05    0.45       0.09387 
350    0.05    0.5       0.094 
350    0.05    0.55       0.09415 
350    0.05    0.6       0.09398 
350    0.05    0.65       0.09376 
350    0.05    0.7       0.09364 
350    0.05    0.75       0.09313 
350    0.05    0.8       0.09281 
350    0.05    0.85       0.0926 
350    0.05    0.9       0.09219 
350    0.05    0.95       0.09149 
350    0.05    1.0       0.09145 
350    0.15    0.0       0.0001843 
350    0.15    0.05       0.1382 
350    0.15    0.1       0.3722 
350    0.15    0.15       0.5418 
350    0.15    0.2       0.6446 
350    0.15    0.25       0.7059 
350    0.15    0.3       0.7457 
350    0.15    0.35       0.7697 
350    0.15    0.4       0.788 
350    0.15    0.45       0.7986 
350    0.15    0.5       0.8092 
350    0.15    0.55       0.8161 
350    0.15    0.6       0.8198 
350    0.15    0.65       0.8215 
350    0.15    0.7       0.823 
350    0.15    0.75       0.8203 
350    0.15    0.8       0.8183 
350    0.15    0.85       0.8197 
350    0.15    0.9       0.8182 
350    0.15    0.95       0.8135 
350    0.15    1.0       0.8123 
350    0.1    0.0       8.164e-05 
350    0.1    0.05       0.115 
350    0.1    0.1       0.2405 
350    0.1    0.15       0.3021 
350    0.1    0.2       0.3319 
350    0.1    0.25       0.347 
350    0.1    0.3       0.3566 
350    0.1    0.35       0.3621 
350    0.1    0.4       0.3656 
350    0.1    0.45       0.3672 
350    0.1    0.5       0.3692 
350    0.1    0.55       0.3717 
350    0.1    0.6       0.3712 
350    0.1    0.65       0.3709 
350    0.1    0.7       0.3706 
350    0.1    0.75       0.3686 
350    0.1    0.8       0.3684 
350    0.1    0.85       0.3681 
350    0.1    0.9       0.3659 
350    0.1    0.95       0.3641 
350    0.1    1.0       0.364 
350    0.25    0.0       0.0005112 
350    0.25    0.05       0.1546 
350    0.25    0.1       0.5164 
350    0.25    0.15       0.9132 
350    0.25    0.2       1.246 
350    0.25    0.25       1.503 
350    0.25    0.3       1.691 
350    0.25    0.35       1.825 
350    0.25    0.4       1.93 
350    0.25    0.45       2.014 
350    0.25    0.5       2.066 
350    0.25    0.55       2.108 
350    0.25    0.6       2.142 
350    0.25    0.65       2.16 
350    0.25    0.7       2.181 
350    0.25    0.75       2.186 
350    0.25    0.8       2.195 
350    0.25    0.85       2.204 
350    0.25    0.9       2.207 
350    0.25    0.95       2.206 
350    0.25    1.0       2.192 
350    0.2    0.0       0.0003287 
350    0.2    0.05       0.149 
350    0.2    0.1       0.4602 
350    0.2    0.15       0.7508 
350    0.2    0.2       0.9615 
350    0.2    0.25       1.106 
350    0.2    0.3       1.204 
350    0.2    0.35       1.274 
350    0.2    0.4       1.327 
350    0.2    0.45       1.357 
350    0.2    0.5       1.385 
350    0.2    0.55       1.399 
350    0.2    0.65       1.424 
350    0.2    0.7       1.433 
350    0.2    0.75       1.432 
350    0.2    0.8       1.432 
350    0.2    0.85       1.437 
350    0.2    0.9       1.437 
350    0.2    0.95       1.43 
350    0.2    1.0       1.427 
350    0.35    0.0       0.001004 
350    0.35    0.1       0.5777 
350    0.35    0.15       1.123 
350    0.35    0.2       1.682 
350    0.35    0.25       2.177 
350    0.35    0.3       2.601 
350    0.35    0.35       2.941 
350    0.35    0.4       3.208 
350    0.35    0.45       3.434 
350    0.35    0.5       3.607 
350    0.35    0.55       3.75 
350    0.35    0.6       3.854 
350    0.35    0.65       3.941 
350    0.35    0.7       4.005 
350    0.35    0.75       4.051 
350    0.35    0.8       4.099 
350    0.35    0.85       4.127 
350    0.35    0.9       4.149 
350    0.35    0.95       4.155 
350    0.35    1.0       4.156 
350    0.3    0.0       0.0007382 
350    0.3    0.05       0.1577 
350    0.3    0.1       0.5524 
350    0.3    0.15       1.034 
350    0.3    0.2       1.487 
350    0.3    0.25       1.862 
350    0.3    0.3       2.159 
350    0.3    0.35       2.391 
350    0.3    0.4       2.566 
350    0.3    0.45       2.709 
350    0.3    0.5       2.816 
350    0.3    0.55       2.901 
350    0.3    0.6       2.958 
350    0.3    0.65       3.012 
350    0.3    0.7       3.048 
350    0.3    0.75       3.064 
350    0.3    0.8       3.096 
350    0.3    0.85       3.109 
350    0.3    0.9       3.114 
350    0.3    0.95       3.124 
350    0.3    1.0       3.109 
350    0.45    0.0       0.001652 
350    0.45    0.05       0.1626 
350    0.45    0.1       0.6066 
350    0.45    0.15       1.241 
350    0.45    0.2       1.959 
350    0.45    0.25       2.671 
350    0.45    0.3       3.336 
350    0.45    0.35       3.93 
350    0.45    0.4       4.436 
350    0.45    0.45       4.851 
350    0.45    0.5       5.22 
350    0.45    0.55       5.483 
350    0.45    0.6       5.756 
350    0.45    0.65       5.932 
350    0.45    0.7       6.09 
350    0.45    0.75       6.223 
350    0.45    0.8       6.345 
350    0.45    0.85       6.448 
350    0.45    0.9       6.489 
350    0.45    0.95       6.553 
350    0.45    1.0       6.599 
350    0.4    0.0       0.001302 
350    0.4    0.05       0.1613 
350    0.4    0.1       0.5953 
350    0.4    0.15       1.19 
350    0.4    0.2       1.835 
350    0.4    0.25       2.448 
350    0.4    0.3       2.99 
350    0.4    0.35       3.451 
350    0.4    0.4       3.839 
350    0.4    0.45       4.162 
350    0.4    0.5       4.41 
350    0.4    0.55       4.619 
350    0.4    0.6       4.767 
350    0.4    0.65       4.913 
350    0.4    0.7       5.02 
350    0.4    0.75       5.103 
350    0.4    0.8       5.191 
350    0.4    0.85       5.235 
350    0.4    0.9       5.272 
350    0.4    0.95       5.317 
350    0.4    1.0       5.315 
350    0.55    0.0       0.002481 
350    0.55    0.05       0.1643 
350    0.55    0.1       0.624 
350    0.55    0.15       1.311 
350    0.55    0.2       2.133 
350    0.55    0.25       3.027 
350    0.55    0.3       3.903 
350    0.55    0.35       4.73 
350    0.55    0.4       5.476 
350    0.55    0.45       6.159 
350    0.55    0.5       6.712 
350    0.55    0.55       7.216 
350    0.55    0.6       7.63 
350    0.55    0.65       7.983 
350    0.55    0.7       8.28 
350    0.55    0.75       8.566 
350    0.55    0.8       8.772 
350    0.55    0.85       8.948 
350    0.55    0.9       9.125 
350    0.55    0.95       9.22 
350    0.55    1.0       9.334 
350    0.5    0.0       0.002051 
350    0.5    0.05       0.1634 
350    0.5    0.1       0.6169 
350    0.5    0.15       1.282 
350    0.5    0.2       2.06 
350    0.5    0.25       2.862 
350    0.5    0.3       3.632 
350    0.5    0.35       4.349 
350    0.5    0.4       4.976 
350    0.5    0.45       5.504 
350    0.5    0.5       5.972 
350    0.5    0.55       6.37 
350    0.5    0.6       6.708 
350    0.5    0.65       6.946 
350    0.5    0.7       7.199 
350    0.5    0.75       7.397 
350    0.5    0.8       7.55 
350    0.5    0.85       7.674 
350    0.5    0.9       7.792 
350    0.5    0.95       7.836 
350    0.5    1.0       7.918 
350    0.65    0.0       0.003458 
350    0.65    0.05       0.1665 
350    0.65    0.1       0.6352 
350    0.65    0.15       1.358 
350    0.65    0.2       2.27 
350    0.65    0.25       3.267 
350    0.65    0.3       4.322 
350    0.65    0.35       5.344 
350    0.65    0.4       6.309 
350    0.65    0.45       7.213 
350    0.65    0.5       8.044 
350    0.65    0.55       8.786 
350    0.65    0.6       9.41 
350    0.65    0.65       9.953 
350    0.65    0.7       10.47 
350    0.65    0.75       10.9 
350    0.65    0.8       11.27 
350    0.65    0.85       11.57 
350    0.65    0.9       11.81 
350    0.65    0.95       12.07 
350    0.65    1.0       12.27 
350    0.6    0.0       0.002952 
350    0.6    0.05       0.1653 
350    0.6    0.1       0.6283 
350    0.6    0.15       1.335 
350    0.6    0.2       2.204 
350    0.6    0.25       3.157 
350    0.6    0.3       4.126 
350    0.6    0.35       5.05 
350    0.6    0.4       5.928 
350    0.6    0.45       6.691 
350    0.6    0.5       7.385 
350    0.6    0.55       7.984 
350    0.6    0.6       8.538 
350    0.6    0.65       8.988 
350    0.6    0.7       9.411 
350    0.6    0.75       9.746 
350    0.6    0.8       10.03 
350    0.6    0.85       10.27 
350    0.6    0.9       10.47 
350    0.6    0.95       10.63 
350    0.6    1.0       10.78 
350    0.75    0.0       0.004574 
350    0.75    0.05       0.1669 
350    0.75    0.1       0.6423 
350    0.75    0.15       1.382 
350    0.75    0.2       2.344 
350    0.75    0.25       3.441 
350    0.75    0.3       4.6 
350    0.75    0.35       5.806 
350    0.75    0.4       7.001 
350    0.75    0.45       8.12 
350    0.75    0.5       9.141 
350    0.75    0.55       10.11 
350    0.75    0.6       11 
350    0.75    0.65       11.81 
350    0.75    0.7       12.5 
350    0.75    0.75       13.14 
350    0.75    0.8       13.69 
350    0.75    0.85       14.12 
350    0.75    0.9       14.58 
350    0.75    0.95       14.95 
350    0.75    1.0       15.25 
350    0.7    0.0       0.003979 
350    0.7    0.05       0.1671 
350    0.7    0.1       0.6388 
350    0.7    0.15       1.373 
350    0.7    0.2       2.302 
350    0.7    0.25       3.366 
350    0.7    0.3       4.489 
350    0.7    0.35       5.592 
350    0.7    0.4       6.687 
350    0.7    0.45       7.703 
350    0.7    0.5       8.62 
350    0.7    0.55       9.459 
350    0.7    0.6       10.22 
350    0.7    0.65       10.92 
350    0.7    0.7       11.52 
350    0.7    0.75       12.04 
350    0.7    0.8       12.48 
350    0.7    0.85       12.91 
350    0.7    0.9       13.23 
350    0.7    0.95       13.53 
350    0.7    1.0       13.78 
350    0.85    0.0       0.005899 
350    0.85    0.05       0.1685 
350    0.85    0.1       0.6437 
350    0.85    0.15       1.398 
350    0.85    0.2       2.39 
350    0.85    0.25       3.545 
350    0.85    0.3       4.83 
350    0.85    0.35       6.156 
350    0.85    0.4       7.493 
350    0.85    0.45       8.818 
350    0.85    0.5       10.07 
350    0.85    0.55       11.31 
350    0.85    0.6       12.41 
350    0.85    0.65       13.48 
350    0.85    0.7       14.33 
350    0.85    0.75       15.22 
350    0.85    0.8       15.91 
350    0.85    0.85       16.64 
350    0.85    0.9       17.25 
350    0.85    0.95       17.75 
350    0.85    1.0       18.23 
350    0.8    0.0       0.005202 
350    0.8    0.05       0.1684 
350    0.8    0.1       0.6452 
350    0.8    0.15       1.392 
350    0.8    0.2       2.366 
350    0.8    0.25       3.499 
350    0.8    0.3       4.71 
350    0.8    0.35       6.012 
350    0.8    0.4       7.246 
350    0.8    0.45       8.469 
350    0.8    0.5       9.627 
350    0.8    0.55       10.71 
350    0.8    0.6       11.74 
350    0.8    0.65       12.64 
350    0.8    0.7       13.43 
350    0.8    0.75       14.18 
350    0.8    0.8       14.87 
350    0.8    0.85       15.44 
350    0.8    0.9       15.94 
350    0.8    0.95       16.4 
350    0.8    1.0       16.74 
350    0.95    0.0       0.007312 
350    0.95    0.05       0.1694 
350    0.95    0.1       0.6449 
350    0.95    0.15       1.41 
350    0.95    0.2       2.422 
350    0.95    0.25       3.622 
350    0.95    0.3       4.969 
350    0.95    0.35       6.417 
350    0.95    0.4       7.894 
350    0.95    0.45       9.401 
350    0.95    0.5       10.87 
350    0.95    0.55       12.28 
350    0.95    0.6       13.61 
350    0.95    0.65       14.86 
350    0.95    0.7       16.05 
350    0.95    0.75       17.06 
350    0.95    0.8       18.04 
350    0.95    0.85       18.97 
350    0.95    0.9       19.72 
350    0.95    0.95       20.45 
350    0.95    1.0       21.08 
350    0.9    0.0       0.006539 
350    0.9    0.05       0.1686 
350    0.9    0.1       0.647 
350    0.9    0.15       1.408 
350    0.9    0.2       2.405 
350    0.9    0.25       3.585 
350    0.9    0.3       4.906 
350    0.9    0.35       6.29 
350    0.9    0.4       7.711 
350    0.9    0.45       9.108 
350    0.9    0.5       10.49 
350    0.9    0.55       11.81 
350    0.9    0.6       13.04 
350    0.9    0.65       14.17 
350    0.9    0.7       15.21 
350    0.9    0.75       16.15 
350    0.9    0.8       17.06 
350    0.9    0.85       17.84 
350    0.9    0.9       18.49 
350    0.9    0.95       19.13 
350    0.9    1.0       19.67 
350    1.0    0.0       0.008096 
350    1.0    0.05       0.1692 
350    1.0    0.1       0.6449 
350    1.0    0.15       1.408 
350    1.0    0.2       2.424 
350    1.0    0.25       3.651 
350    1.0    0.3       5.024 
350    1.0    0.35       6.53 
350    1.0    0.4       8.077 
350    1.0    0.45       9.637 
350    1.0    0.5       11.2 
350    1.0    0.55       12.69 
350    1.0    0.6       14.12 
350    1.0    0.65       15.53 
350    1.0    0.7       16.71 
350    1.0    0.75       17.95 
350    1.0    0.8       19.03 
350    1.0    0.85       20.05 
350    1.0    0.9       20.91 
350    1.0    0.95       21.74 
350    1.0    1.0       22.48 
400    0.05    0.0       1.325e-05 
400    0.05    0.05       0.03956 
400    0.05    0.1       0.05631 
400    0.05    0.15       0.06113 
400    0.05    0.2       0.06296 
400    0.05    0.25       0.06393 
400    0.05    0.3       0.06463 
400    0.05    0.35       0.06497 
400    0.05    0.4       0.06502 
400    0.05    0.45       0.06528 
400    0.05    0.5       0.06523 
400    0.05    0.55       0.06498 
400    0.05    0.6       0.06508 
400    0.05    0.65       0.06527 
400    0.05    0.7       0.06523 
400    0.05    0.75       0.065 
400    0.05    0.8       0.06473 
400    0.05    0.85       0.06452 
400    0.05    0.9       0.06411 
400    0.05    0.95       0.06394 
400    0.05    1.0       0.06397 
400    0.15    0.0       0.000119 
400    0.15    0.05       0.08469 
400    0.15    0.1       0.2369 
400    0.15    0.15       0.3545 
400    0.15    0.2       0.4295 
400    0.15    0.25       0.477 
400    0.15    0.3       0.5083 
400    0.15    0.35       0.5266 
400    0.15    0.4       0.5418 
400    0.15    0.45       0.5512 
400    0.15    0.5       0.5578 
400    0.15    0.55       0.5626 
400    0.15    0.6       0.5665 
400    0.15    0.65       0.5698 
400    0.15    0.7       0.5708 
400    0.15    0.75       0.5709 
400    0.15    0.8       0.5713 
400    0.15    0.85       0.57 
400    0.15    0.9       0.5686 
400    0.15    0.95       0.5697 
400    0.15    1.0       0.5662 
400    0.1    0.0       5.288e-05 
400    0.1    0.05       0.07202 
400    0.1    0.1       0.1578 
400    0.1    0.15       0.2028 
400    0.1    0.2       0.2251 
400    0.1    0.25       0.2378 
400    0.1    0.3       0.245 
400    0.1    0.35       0.2502 
400    0.1    0.4       0.2527 
400    0.1    0.45       0.2551 
400    0.1    0.5       0.2554 
400    0.1    0.55       0.2561 
400    0.1    0.6       0.2577 
400    0.1    0.65       0.2587 
400    0.1    0.7       0.2575 
400    0.1    0.75       0.2582 
400    0.1    0.8       0.2575 
400    0.1    0.85       0.2563 
400    0.1    0.9       0.2556 
400    0.1    0.95       0.2549 
400    0.1    1.0       0.2545 
400    0.25    0.0       0.0003284 
400    0.25    0.05       0.09342 
400    0.25    0.1       0.3194 
400    0.25    0.15       0.5768 
400    0.25    0.2       0.8061 
400    0.25    0.25       0.9889 
400    0.25    0.3       1.124 
400    0.25    0.35       1.228 
400    0.25    0.4       1.305 
400    0.25    0.45       1.361 
400    0.25    0.5       1.407 
400    0.25    0.55       1.441 
400    0.25    0.6       1.466 
400    0.25    0.65       1.493 
400    0.25    0.7       1.5 
400    0.25    0.75       1.507 
400    0.25    0.8       1.521 
400    0.25    0.85       1.524 
400    0.25    0.9       1.527 
400    0.25    0.95       1.533 
400    0.25    1.0       1.529 
400    0.2    0.0       0.0002127 
400    0.2    0.05       0.09048 
400    0.2    0.1       0.2872 
400    0.2    0.15       0.482 
400    0.2    0.2       0.6315 
400    0.2    0.25       0.7391 
400    0.2    0.3       0.8122 
400    0.2    0.35       0.8628 
400    0.2    0.4       0.9037 
400    0.2    0.45       0.9276 
400    0.2    0.5       0.952 
400    0.2    0.55       0.9627 
400    0.2    0.6       0.9748 
400    0.2    0.65       0.9888 
400    0.2    0.7       0.9927 
400    0.2    0.75       0.992 
400    0.2    0.8       0.9956 
400    0.2    0.85       0.9975 
400    0.2    0.9       0.9954 
400    0.2    0.95       0.9976 
400    0.2    1.0       0.994 
400    0.35    0.0       0.0006505 
400    0.35    0.05       0.0964 
400    0.35    0.1       0.3537 
400    0.35    0.15       0.6989 
400    0.35    0.2       1.063 
400    0.35    0.25       1.403 
400    0.35    0.3       1.694 
400    0.35    0.35       1.939 
400    0.35    0.4       2.133 
400    0.35    0.45       2.3 
400    0.35    0.5       2.418 
400    0.35    0.55       2.534 
400    0.35    0.6       2.62 
400    0.35    0.65       2.687 
400    0.35    0.7       2.739 
400    0.35    0.75       2.784 
400    0.35    0.8       2.809 
400    0.35    0.85       2.841 
400    0.35    0.9       2.859 
400    0.35    0.95       2.881 
400    0.35    1.0       2.888 
400    0.3    0.0       0.0004777 
400    0.3    0.05       0.09549 
400    0.3    0.1       0.3397 
400    0.3    0.15       0.6466 
400    0.3    0.2       0.9487 
400    0.3    0.25       1.209 
400    0.3    0.3       1.423 
400    0.3    0.35       1.593 
400    0.3    0.4       1.726 
400    0.3    0.45       1.823 
400    0.3    0.5       1.898 
400    0.3    0.55       1.967 
400    0.3    0.6       2.018 
400    0.3    0.65       2.068 
400    0.3    0.7       2.082 
400    0.3    0.75       2.112 
400    0.3    0.8       2.134 
400    0.3    0.85       2.145 
400    0.3    0.9       2.154 
400    0.3    0.95       2.164 
400    0.3    1.0       2.163 
400    0.45    0.0       0.001072 
400    0.45    0.05       0.09818 
400    0.45    0.1       0.3701 
400    0.45    0.15       0.7631 
400    0.45    0.2       1.222 
400    0.45    0.25       1.694 
400    0.45    0.3       2.135 
400    0.45    0.35       2.532 
400    0.45    0.4       2.886 
400    0.45    0.45       3.192 
400    0.45    0.5       3.446 
400    0.45    0.55       3.673 
400    0.45    0.6       3.849 
400    0.45    0.65       4.01 
400    0.45    0.7       4.127 
400    0.45    0.75       4.232 
400    0.45    0.8       4.315 
400    0.45    0.85       4.387 
400    0.45    0.9       4.456 
400    0.45    0.95       4.495 
400    0.45    1.0       4.551 
400    0.4    0.0       0.0008514 
400    0.4    0.05       0.09746 
400    0.4    0.1       0.363 
400    0.4    0.15       0.7374 
400    0.4    0.2       1.151 
400    0.4    0.25       1.558 
400    0.4    0.3       1.931 
400    0.4    0.35       2.248 
400    0.4    0.4       2.527 
400    0.4    0.45       2.745 
400    0.4    0.5       2.944 
400    0.4    0.55       3.099 
400    0.4    0.6       3.227 
400    0.4    0.65       3.338 
400    0.4    0.7       3.407 
400    0.4    0.75       3.496 
400    0.4    0.8       3.544 
400    0.4    0.85       3.582 
400    0.4    0.9       3.641 
400    0.4    0.95       3.666 
400    0.4    1.0       3.679 
400    0.55    0.0       0.001595 
400    0.55    0.05       0.09942 
400    0.55    0.1       0.3786 
400    0.55    0.15       0.8019 
400    0.55    0.2       1.32 
400    0.55    0.25       1.885 
400    0.55    0.3       2.458 
400    0.55    0.35       2.998 
400    0.55    0.4       3.516 
400    0.55    0.45       3.965 
400    0.55    0.5       4.393 
400    0.55    0.55       4.753 
400    0.55    0.6       5.052 
400    0.55    0.65       5.322 
400    0.55    0.7       5.565 
400    0.55    0.75       5.749 
400    0.55    0.8       5.906 
400    0.55    0.85       6.085 
400    0.55    0.9       6.215 
400    0.55    0.95       6.294 
400    0.55    1.0       6.376 
400    0.5    0.0       0.001331 
400    0.5    0.05       0.09865 
400    0.5    0.1       0.3752 
400    0.5    0.15       0.7865 
400    0.5    0.2       1.281 
400    0.5    0.25       1.798 
400    0.5    0.3       2.311 
400    0.5    0.35       2.791 
400    0.5    0.4       3.21 
400    0.5    0.45       3.597 
400    0.5    0.5       3.935 
400    0.5    0.55       4.23 
400    0.5    0.6       4.458 
400    0.5    0.65       4.662 
400    0.5    0.7       4.851 
400    0.5    0.75       4.992 
400    0.5    0.8       5.123 
400    0.5    0.85       5.226 
400    0.5    0.9       5.322 
400    0.5    0.95       5.377 
400    0.5    1.0       5.464 
400    0.65    0.0       0.002221 
400    0.65    0.05       0.1004 
400    0.65    0.1       0.3835 
400    0.65    0.15       0.8237 
400    0.65    0.2       1.38 
400    0.65    0.25       2.02 
400    0.65    0.3       2.693 
400    0.65    0.35       3.361 
400    0.65    0.4       4.023 
400    0.65    0.45       4.639 
400    0.65    0.5       5.193 
400    0.65    0.55       5.701 
400    0.65    0.6       6.164 
400    0.65    0.65       6.571 
400    0.65    0.7       6.921 
400    0.65    0.75       7.229 
400    0.65    0.8       7.553 
400    0.65    0.85       7.797 
400    0.65    0.9       8.004 
400    0.65    0.95       8.201 
400    0.65    1.0       8.33 
400    0.6    0.0       0.001899 
400    0.6    0.05       0.09953 
400    0.6    0.1       0.3802 
400    0.6    0.15       0.8144 
400    0.6    0.2       1.358 
400    0.6    0.25       1.952 
400    0.6    0.3       2.581 
400    0.6    0.35       3.194 
400    0.6    0.4       3.778 
400    0.6    0.45       4.329 
400    0.6    0.5       4.799 
400    0.6    0.55       5.218 
400    0.6    0.6       5.623 
400    0.6    0.65       5.972 
400    0.6    0.7       6.257 
400    0.6    0.75       6.519 
400    0.6    0.8       6.726 
400    0.6    0.85       6.93 
400    0.6    0.9       7.079 
400    0.6    0.95       7.241 
400    0.6    1.0       7.349 
400    0.75    0.0       0.002966 
400    0.75    0.05       0.1006 
400    0.75    0.1       0.3873 
400    0.75    0.15       0.8398 
400    0.75    0.2       1.43 
400    0.75    0.25       2.12 
400    0.75    0.3       2.865 
400    0.75    0.35       3.629 
400    0.75    0.4       4.398 
400    0.75    0.45       5.158 
400    0.75    0.5       5.864 
400    0.75    0.55       6.54 
400    0.75    0.6       7.139 
400    0.75    0.65       7.701 
400    0.75    0.7       8.205 
400    0.75    0.75       8.686 
400    0.75    0.8       9.078 
400    0.75    0.85       9.449 
400    0.75    0.9       9.794 
400    0.75    0.95       10.04 
400    0.75    1.0       10.3 
400    0.7    0.0       0.00259 
400    0.7    0.05       0.1004 
400    0.7    0.1       0.385 
400    0.7    0.15       0.8326 
400    0.7    0.2       1.408 
400    0.7    0.25       2.071 
400    0.7    0.3       2.782 
400    0.7    0.35       3.516 
400    0.7    0.4       4.226 
400    0.7    0.45       4.905 
400    0.7    0.5       5.544 
400    0.7    0.55       6.123 
400    0.7    0.6       6.663 
400    0.7    0.65       7.152 
400    0.7    0.7       7.579 
400    0.7    0.75       7.963 
400    0.7    0.8       8.328 
400    0.7    0.85       8.609 
400    0.7    0.9       8.912 
400    0.7    0.95       9.129 
400    0.7    1.0       9.34 
400    0.85    0.0       0.003799 
400    0.85    0.05       0.1021 
400    0.85    0.1       0.3885 
400    0.85    0.15       0.8497 
400    0.85    0.2       1.459 
400    0.85    0.25       2.163 
400    0.85    0.3       2.98 
400    0.85    0.35       3.813 
400    0.85    0.4       4.694 
400    0.85    0.45       5.567 
400    0.85    0.5       6.398 
400    0.85    0.55       7.207 
400    0.85    0.6       7.946 
400    0.85    0.65       8.68 
400    0.85    0.7       9.363 
400    0.85    0.75       9.931 
400    0.85    0.8       10.51 
400    0.85    0.85       10.98 
400    0.85    0.9       11.47 
400    0.85    0.95       11.84 
400    0.85    1.0       12.19 
400    0.8    0.0       0.003356 
400    0.8    0.05       0.1012 
400    0.8    0.1       0.3883 
400    0.8    0.15       0.845 
400    0.8    0.2       1.444 
400    0.8    0.25       2.143 
400    0.8    0.3       2.925 
400    0.8    0.35       3.732 
400    0.8    0.4       4.55 
400    0.8    0.45       5.366 
400    0.8    0.5       6.155 
400    0.8    0.55       6.895 
400    0.8    0.6       7.578 
400    0.8    0.65       8.184 
400    0.8    0.7       8.801 
400    0.8    0.75       9.352 
400    0.8    0.8       9.793 
400    0.8    0.85       10.25 
400    0.8    0.9       10.61 
400    0.8    0.95       10.97 
400    0.8    1.0       11.24 
400    0.95    0.0       0.004762 
400    0.95    0.05       0.1019 
400    0.95    0.1       0.3873 
400    0.95    0.15       0.8524 
400    0.95    0.2       1.47 
400    0.95    0.25       2.22 
400    0.95    0.3       3.06 
400    0.95    0.35       3.964 
400    0.95    0.4       4.905 
400    0.95    0.45       5.881 
400    0.95    0.5       6.824 
400    0.95    0.55       7.774 
400    0.95    0.6       8.69 
400    0.95    0.65       9.525 
400    0.95    0.7       10.36 
400    0.95    0.75       11.12 
400    0.95    0.8       11.79 
400    0.95    0.85       12.45 
400    0.95    0.9       13 
400    0.95    0.95       13.54 
400    0.95    1.0       13.98 
400    0.9    0.0       0.004223 
400    0.9    0.05       0.1017 
400    0.9    0.1       0.3886 
400    0.9    0.15       0.8504 
400    0.9    0.2       1.463 
400    0.9    0.25       2.196 
400    0.9    0.3       3.017 
400    0.9    0.35       3.904 
400    0.9    0.4       4.815 
400    0.9    0.45       5.737 
400    0.9    0.5       6.628 
400    0.9    0.55       7.48 
400    0.9    0.6       8.335 
400    0.9    0.65       9.127 
400    0.9    0.7       9.854 
400    0.9    0.75       10.53 
400    0.9    0.8       11.2 
400    0.9    0.85       11.74 
400    0.9    0.9       12.26 
400    0.9    0.95       12.72 
400    0.9    1.0       13.1 
400    1.0    0.0       0.005225 
400    1.0    0.05       0.1023 
400    1.0    0.1       0.3898 
400    1.0    0.15       0.854 
400    1.0    0.2       1.475 
400    1.0    0.25       2.233 
400    1.0    0.3       3.09 
400    1.0    0.35       4.023 
400    1.0    0.4       5.001 
400    1.0    0.45       6.014 
400    1.0    0.5       7.03 
400    1.0    0.55       8.025 
400    1.0    0.6       8.965 
400    1.0    0.65       9.918 
400    1.0    0.7       10.81 
400    1.0    0.75       11.61 
400    1.0    0.8       12.39 
400    1.0    0.85       13.07 
400    1.0    0.9       13.73 
400    1.0    0.95       14.28 
400    1.0    1.0       14.86 
500    0.05    0.0       6.009e-06 
500    0.05    0.05       0.01784 
500    0.05    0.1       0.02656 
500    0.05    0.15       0.02904 
500    0.05    0.2       0.03009 
500    0.05    0.25       0.03055 
500    0.05    0.3       0.03092 
500    0.05    0.35       0.03113 
500    0.05    0.4       0.03116 
500    0.05    0.45       0.03127 
500    0.05    0.5       0.03131 
500    0.05    0.55       0.03146 
500    0.05    0.6       0.03147 
500    0.05    0.65       0.03141 
500    0.05    0.7       0.03155 
500    0.05    0.75       0.03152 
500    0.05    0.8       0.03141 
500    0.05    0.85       0.03138 
500    0.05    0.9       0.03139 
500    0.05    0.95       0.03127 
500    0.05    1.0       0.0312 
500    0.15    0.0       5.407e-05 
500    0.15    0.05       0.0356 
500    0.15    0.1       0.1034 
500    0.15    0.15       0.16 
500    0.15    0.2       0.1976 
500    0.15    0.25       0.2225 
500    0.15    0.3       0.2384 
500    0.15    0.35       0.2499 
500    0.15    0.4       0.2561 
500    0.15    0.45       0.2622 
500    0.15    0.5       0.2657 
500    0.15    0.55       0.2683 
500    0.15    0.6       0.2722 
500    0.15    0.65       0.2738 
500    0.15    0.7       0.2748 
500    0.15    0.75       0.276 
500    0.15    0.8       0.276 
500    0.15    0.85       0.2763 
500    0.15    0.9       0.2767 
500    0.15    0.95       0.2762 
500    0.15    1.0       0.2762 
500    0.1    0.0       2.397e-05 
500    0.1    0.05       0.03089 
500    0.1    0.1       0.07121 
500    0.1    0.15       0.09394 
500    0.1    0.2       0.1059 
500    0.1    0.25       0.1121 
500    0.1    0.3       0.1158 
500    0.1    0.35       0.1189 
500    0.1    0.4       0.1206 
500    0.1    0.45       0.1222 
500    0.1    0.5       0.1229 
500    0.1    0.55       0.123 
500    0.1    0.6       0.1239 
500    0.1    0.65       0.1245 
500    0.1    0.7       0.1247 
500    0.1    0.75       0.1251 
500    0.1    0.8       0.1245 
500    0.1    0.85       0.1246 
500    0.1    0.9       0.1246 
500    0.1    0.95       0.1241 
500    0.1    1.0       0.1242 
500    0.25    0.0       0.0001504 
500    0.25    0.05       0.03884 
500    0.25    0.1       0.1343 
500    0.25    0.15       0.2495 
500    0.25    0.2       0.3562 
500    0.25    0.25       0.4445 
500    0.25    0.3       0.5133 
500    0.25    0.35       0.5655 
500    0.25    0.4       0.6092 
500    0.25    0.45       0.6367 
500    0.25    0.5       0.6628 
500    0.25    0.55       0.6812 
500    0.25    0.6       0.6961 
500    0.25    0.65       0.7082 
500    0.25    0.7       0.718 
500    0.25    0.75       0.7267 
500    0.25    0.8       0.7298 
500    0.25    0.85       0.737 
500    0.25    0.9       0.7404 
500    0.25    0.95       0.7411 
500    0.25    1.0       0.7429 
500    0.2    0.0       9.582e-05 
500    0.2    0.05       0.03772 
500    0.2    0.1       0.1228 
500    0.2    0.15       0.2116 
500    0.2    0.2       0.2837 
500    0.2    0.25       0.3369 
500    0.2    0.3       0.3754 
500    0.2    0.35       0.4033 
500    0.2    0.4       0.4236 
500    0.2    0.45       0.4386 
500    0.2    0.5       0.4505 
500    0.2    0.55       0.4598 
500    0.2    0.6       0.4663 
500    0.2    0.65       0.4715 
500    0.2    0.7       0.4756 
500    0.2    0.75       0.477 
500    0.2    0.8       0.4802 
500    0.2    0.85       0.4831 
500    0.2    0.9       0.4834 
500    0.2    0.95       0.4831 
500    0.2    1.0       0.4838 
500    0.35    0.0       0.0002943 
500    0.35    0.05       0.03973 
500    0.35    0.1       0.1476 
500    0.35    0.15       0.2962 
500    0.35    0.2       0.4603 
500    0.35    0.25       0.615 
500    0.35    0.3       0.7534 
500    0.35    0.35       0.8709 
500    0.35    0.4       0.9716 
500    0.35    0.45       1.056 
500    0.35    0.5       1.12 
500    0.35    0.55       1.18 
500    0.35    0.6       1.227 
500    0.35    0.65       1.263 
500    0.35    0.7       1.297 
500    0.35    0.75       1.317 
500    0.35    0.8       1.344 
500    0.35    0.85       1.361 
500    0.35    0.9       1.374 
500    0.35    0.95       1.385 
500    0.35    1.0       1.395 
500    0.3    0.0       0.0002159 
500    0.3    0.05       0.0395 
500    0.3    0.15       0.2769 
500    0.3    0.2       0.4131 
500    0.3    0.25       0.5389 
500    0.3    0.3       0.6412 
500    0.3    0.35       0.7261 
500    0.3    0.4       0.7923 
500    0.3    0.45       0.8479 
500    0.3    0.5       0.889 
500    0.3    0.55       0.9261 
500    0.3    0.6       0.9558 
500    0.3    0.65       0.9799 
500    0.3    0.7       0.9961 
500    0.3    0.75       1.009 
500    0.3    0.8       1.021 
500    0.3    0.85       1.03 
500    0.3    0.9       1.04 
500    0.3    0.95       1.044 
500    0.3    1.0       1.048 
500    0.45    0.0       0.0004877 
500    0.45    0.05       0.04053 
500    0.45    0.1       0.1534 
500    0.45    0.15       0.3199 
500    0.45    0.25       0.7287 
500    0.45    0.3       0.9318 
500    0.45    0.35       1.122 
500    0.45    0.45       1.439 
500    0.45    0.5       1.568 
500    0.45    0.55       1.688 
500    0.45    0.6       1.782 
500    0.45    0.65       1.864 
500    0.45    0.7       1.931 
500    0.45    0.75       1.987 
500    0.45    0.8       2.041 
500    0.45    0.85       2.088 
500    0.45    0.9       2.117 
500    0.45    0.95       2.152 
500    0.45    1.0       2.181 
500    0.4    0.0       0.000383 
500    0.4    0.05       0.04028 
500    0.4    0.15       0.31 
500    0.4    0.2       0.4917 
500    0.4    0.25       0.678 
500    0.4    0.3       0.8527 
500    0.4    0.35       1.004 
500    0.4    0.4       1.139 
500    0.4    0.45       1.253 
500    0.4    0.5       1.356 
500    0.4    0.55       1.434 
500    0.4    0.6       1.504 
500    0.4    0.65       1.56 
500    0.4    0.7       1.612 
500    0.4    0.75       1.65 
500    0.4    0.8       1.684 
500    0.4    0.85       1.716 
500    0.4    0.9       1.733 
500    0.4    0.95       1.756 
500    0.4    1.0       1.772 
500    0.55    0.0       0.0007316 
500    0.55    0.05       0.04096 
500    0.55    0.1       0.1571 
500    0.55    0.15       0.335 
500    0.55    0.2       0.5569 
500    0.55    0.25       0.8057 
500    0.55    0.3       1.057 
500    0.55    0.35       1.308 
500    0.55    0.4       1.551 
500    0.55    0.45       1.77 
500    0.55    0.5       1.974 
500    0.55    0.55       2.149 
500    0.55    0.6       2.313 
500    0.55    0.65       2.448 
500    0.55    0.7       2.576 
500    0.55    0.75       2.679 
500    0.55    0.8       2.771 
500    0.55    0.85       2.854 
500    0.55    0.9       2.924 
500    0.55    0.95       2.984 
500    0.55    1.0       3.042 
500    0.5    0.0       0.0005991 
500    0.5    0.05       0.04076 
500    0.5    0.1       0.1553 
500    0.5    0.15       0.328 
500    0.5    0.2       0.5404 
500    0.5    0.25       0.771 
500    0.5    0.3       1.003 
500    0.5    0.35       1.222 
500    0.5    0.4       1.425 
500    0.5    0.45       1.616 
500    0.5    0.5       1.779 
500    0.5    0.55       1.927 
500    0.5    0.6       2.051 
500    0.5    0.65       2.163 
500    0.5    0.7       2.257 
500    0.5    0.75       2.336 
500    0.5    0.8       2.404 
500    0.5    0.85       2.465 
500    0.5    0.9       2.523 
500    0.5    0.95       2.564 
500    0.5    1.0       2.605 
500    0.65    0.0       0.001013 
500    0.65    0.05       0.04126 
500    0.65    0.1       0.1588 
500    0.65    0.15       0.3429 
500    0.65    0.2       0.5807 
500    0.65    0.25       0.8578 
500    0.65    0.3       1.152 
500    0.65    0.35       1.453 
500    0.65    0.4       1.755 
500    0.65    0.45       2.033 
500    0.65    0.5       2.306 
500    0.65    0.55       2.559 
500    0.65    0.6       2.778 
500    0.65    0.65       2.992 
500    0.65    0.7       3.181 
500    0.65    0.75       3.349 
500    0.65    0.8       3.486 
500    0.65    0.85       3.622 
500    0.65    0.9       3.74 
500    0.65    0.95       3.841 
500    0.65    1.0       3.933 
500    0.6    0.0       0.0008649 
500    0.6    0.05       0.04131 
500    0.6    0.1       0.1583 
500    0.6    0.15       0.3403 
500    0.6    0.2       0.5696 
500    0.6    0.25       0.8314 
500    0.6    0.3       1.112 
500    0.6    0.35       1.386 
500    0.6    0.4       1.661 
500    0.6    0.45       1.918 
500    0.6    0.5       2.14 
500    0.6    0.55       2.359 
500    0.6    0.6       2.547 
500    0.6    0.65       2.724 
500    0.6    0.7       2.892 
500    0.6    0.75       3.017 
500    0.6    0.8       3.133 
500    0.6    0.85       3.244 
500    0.6    0.9       3.332 
500    0.6    0.95       3.417 
500    0.6    1.0       3.485 
500    0.75    0.0       0.001345 
500    0.75    0.05       0.04181 
500    0.75    0.1       0.1602 
500    0.75    0.15       0.3505 
500    0.75    0.2       0.5987 
500    0.75    0.25       0.8933 
500    0.75    0.3       1.212 
500    0.75    0.35       1.56 
500    0.75    0.4       1.901 
500    0.75    0.45       2.239 
500    0.75    0.5       2.576 
500    0.75    0.55       2.894 
500    0.75    0.6       3.19 
500    0.75    0.65       3.471 
500    0.75    0.7       3.713 
500    0.75    0.75       3.957 
500    0.75    0.8       4.167 
500    0.75    0.85       4.365 
500    0.75    0.9       4.532 
500    0.75    0.95       4.678 
500    0.75    1.0       4.816 
500    0.7    0.0       0.001178 
500    0.7    0.05       0.04163 
500    0.7    0.1       0.16 
500    0.7    0.15       0.3466 
500    0.7    0.2       0.5902 
500    0.7    0.25       0.8758 
500    0.7    0.3       1.185 
500    0.7    0.35       1.512 
500    0.7    0.4       1.827 
500    0.7    0.45       2.146 
500    0.7    0.5       2.452 
500    0.7    0.55       2.733 
500    0.7    0.6       2.992 
500    0.7    0.65       3.239 
500    0.7    0.7       3.458 
500    0.7    0.75       3.652 
500    0.7    0.8       3.835 
500    0.7    0.85       3.996 
500    0.7    0.9       4.14 
500    0.7    0.95       4.26 
500    0.7    1.0       4.38 
500    0.85    0.0       0.001728 
500    0.85    0.05       0.0423 
500    0.85    0.1       0.1619 
500    0.85    0.15       0.3529 
500    0.85    0.2       0.6077 
500    0.85    0.25       0.9157 
500    0.85    0.3       1.262 
500    0.85    0.35       1.63 
500    0.85    0.4       2.018 
500    0.85    0.45       2.408 
500    0.85    0.5       2.803 
500    0.85    0.55       3.176 
500    0.85    0.6       3.531 
500    0.85    0.65       3.875 
500    0.85    0.7       4.199 
500    0.85    0.75       4.502 
500    0.85    0.8       4.79 
500    0.85    0.85       5.032 
500    0.85    0.9       5.262 
500    0.85    0.95       5.489 
500    0.85    1.0       5.692 
500    0.8    0.0       0.001528 
500    0.8    0.05       0.042 
500    0.8    0.1       0.161 
500    0.8    0.15       0.351 
500    0.8    0.2       0.6032 
500    0.8    0.25       0.9048 
500    0.8    0.3       1.238 
500    0.8    0.35       1.597 
500    0.8    0.4       1.963 
500    0.8    0.45       2.336 
500    0.8    0.5       2.694 
500    0.8    0.55       3.042 
500    0.8    0.6       3.379 
500    0.8    0.65       3.677 
500    0.8    0.7       3.969 
500    0.8    0.75       4.239 
500    0.8    0.8       4.479 
500    0.8    0.85       4.708 
500    0.8    0.9       4.905 
500    0.8    0.95       5.091 
500    0.8    1.0       5.262 
500    0.95    0.0       0.002166 
500    0.95    0.05       0.0425 
500    0.95    0.1       0.1619 
500    0.95    0.15       0.3554 
500    0.95    0.2       0.6149 
500    0.95    0.25       0.9302 
500    0.95    0.3       1.29 
500    0.95    0.35       1.689 
500    0.95    0.4       2.105 
500    0.95    0.45       2.533 
500    0.95    0.5       2.966 
500    0.95    0.55       3.398 
500    0.95    0.6       3.821 
500    0.95    0.65       4.224 
500    0.95    0.7       4.614 
500    0.95    0.75       4.971 
500    0.95    0.8       5.319 
500    0.95    0.85       5.636 
500    0.95    0.9       5.943 
500    0.95    0.95       6.221 
500    0.95    1.0       6.469 
500    0.9    0.0       0.001938 
500    0.9    0.05       0.04237 
500    0.9    0.1       0.1612 
500    0.9    0.15       0.3545 
500    0.9    0.2       0.6126 
500    0.9    0.25       0.9246 
500    0.9    0.3       1.279 
500    0.9    0.35       1.662 
500    0.9    0.4       2.061 
500    0.9    0.45       2.477 
500    0.9    0.5       2.892 
500    0.9    0.55       3.287 
500    0.9    0.6       3.681 
500    0.9    0.65       4.057 
500    0.9    0.7       4.411 
500    0.9    0.75       4.75 
500    0.9    0.8       5.061 
500    0.9    0.85       5.342 
500    0.9    0.9       5.612 
500    0.9    0.95       5.855 
500    0.9    1.0       6.075 
500    1.0    0.0       0.002374 
500    1.0    0.05       0.04257 
500    1.0    0.1       0.1616 
500    1.0    0.15       0.3562 
500    1.0    0.2       0.6179 
500    1.0    0.25       0.9353 
500    1.0    0.3       1.306 
500    1.0    0.35       1.709 
500    1.0    0.4       2.136 
500    1.0    0.45       2.581 
500    1.0    0.5       3.036 
500    1.0    0.55       3.496 
500    1.0    0.6       3.938 
500    1.0    0.65       4.383 
500    1.0    0.7       4.786 
500    1.0    0.75       5.184 
500    1.0    0.8       5.561 
500    1.0    0.85       5.927 
500    1.0    0.9       6.256 
500    1.0    0.95       6.549 
500    1.0    1.0       6.845 
600    0.05    0.0       2.954e-06 
600    0.05    0.05       0.008625 
600    0.05    0.1       0.01316 
600    0.05    0.15       0.01456 
600    0.05    0.2       0.01508 
600    0.05    0.25       0.01541 
600    0.05    0.3       0.01553 
600    0.05    0.35       0.01564 
600    0.05    0.4       0.01574 
600    0.05    0.45       0.01583 
600    0.05    0.5       0.01586 
600    0.05    0.55       0.01586 
600    0.05    0.6       0.01592 
600    0.05    0.65       0.01591 
600    0.05    0.7       0.01592 
600    0.05    0.75       0.01592 
600    0.05    0.8       0.01601 
600    0.05    0.85       0.01598 
600    0.05    0.9       0.01595 
600    0.05    0.95       0.01596 
600    0.05    1.0       0.01595 
600    0.15    0.0       2.665e-05 
600    0.15    0.05       0.01673 
600    0.15    0.1       0.04945 
600    0.15    0.15       0.07762 
600    0.15    0.2       0.09715 
600    0.15    0.25       0.1101 
600    0.15    0.3       0.1187 
600    0.15    0.35       0.1241 
600    0.15    0.4       0.1279 
600    0.15    0.45       0.1315 
600    0.15    0.5       0.1334 
600    0.15    0.55       0.135 
600    0.15    0.6       0.1369 
600    0.15    0.65       0.1374 
600    0.15    0.7       0.1386 
600    0.15    0.75       0.1395 
600    0.15    0.8       0.1405 
600    0.15    0.85       0.1409 
600    0.15    0.9       0.141 
600    0.15    0.95       0.1409 
600    0.15    1.0       0.141 
600    0.1    0.0       1.186e-05 
600    0.1    0.05       0.0146 
600    0.1    0.1       0.03467 
600    0.1    0.15       0.04645 
600    0.1    0.2       0.05259 
600    0.1    0.25       0.056 
600    0.1    0.3       0.05804 
600    0.1    0.35       0.05965 
600    0.1    0.4       0.06047 
600    0.1    0.45       0.06129 
600    0.1    0.5       0.06188 
600    0.1    0.55       0.06201 
600    0.1    0.6       0.06275 
600    0.1    0.65       0.06257 
600    0.1    0.7       0.06294 
600    0.1    0.75       0.06321 
600    0.1    0.8       0.06317 
600    0.1    0.85       0.06354 
600    0.1    0.9       0.06349 
600    0.1    0.95       0.0634 
600    0.1    1.0       0.06343 
600    0.25    0.0       7.381e-05 
600    0.25    0.05       0.01811 
600    0.25    0.1       0.06344 
600    0.25    0.15       0.119 
600    0.25    0.2       0.172 
600    0.25    0.25       0.2161 
600    0.25    0.3       0.2516 
600    0.25    0.35       0.2789 
600    0.25    0.4       0.3002 
600    0.25    0.45       0.3173 
600    0.25    0.5       0.3301 
600    0.25    0.55       0.3403 
600    0.25    0.6       0.3481 
600    0.25    0.65       0.3566 
600    0.25    0.7       0.3622 
600    0.25    0.75       0.3659 
600    0.25    0.8       0.3697 
600    0.25    0.85       0.374 
600    0.25    0.9       0.3756 
600    0.25    0.95       0.3772 
600    0.25    1.0       0.3785 
600    0.2    0.0       4.748e-05 
600    0.2    0.05       0.01764 
600    0.2    0.1       0.05819 
600    0.2    0.15       0.102 
600    0.2    0.2       0.1381 
600    0.2    0.25       0.1654 
600    0.2    0.3       0.185 
600    0.2    0.35       0.2003 
600    0.2    0.4       0.2107 
600    0.2    0.45       0.219 
600    0.2    0.5       0.2249 
600    0.2    0.55       0.2299 
600    0.2    0.6       0.2343 
600    0.2    0.65       0.2368 
600    0.2    0.7       0.2397 
600    0.2    0.75       0.2418 
600    0.2    0.8       0.2432 
600    0.2    0.85       0.2454 
600    0.2    0.9       0.2464 
600    0.2    0.95       0.2466 
600    0.2    1.0       0.2468 
600    0.35    0.0       0.0001445 
600    0.35    0.05       0.0186 
600    0.35    0.1       0.06912 
600    0.35    0.15       0.1401 
600    0.35    0.2       0.2183 
600    0.35    0.25       0.2941 
600    0.35    0.3       0.3638 
600    0.35    0.35       0.4246 
600    0.35    0.4       0.4751 
600    0.35    0.45       0.5182 
600    0.35    0.5       0.5552 
600    0.35    0.55       0.5827 
600    0.35    0.6       0.6097 
600    0.35    0.65       0.6303 
600    0.35    0.7       0.6491 
600    0.35    0.75       0.6641 
600    0.35    0.8       0.6776 
600    0.35    0.85       0.6874 
600    0.35    0.9       0.6952 
600    0.35    0.95       0.7032 
600    0.35    1.0       0.708 
600    0.3    0.0       0.0001062 
600    0.3    0.05       0.01838 
600    0.3    0.1       0.067 
600    0.3    0.15       0.1308 
600    0.3    0.2       0.1983 
600    0.3    0.25       0.2597 
600    0.3    0.3       0.3104 
600    0.3    0.35       0.3546 
600    0.3    0.4       0.3899 
600    0.3    0.45       0.4172 
600    0.3    0.5       0.4402 
600    0.3    0.55       0.4605 
600    0.3    0.6       0.4743 
600    0.3    0.65       0.4878 
600    0.3    0.7       0.5005 
600    0.3    0.75       0.5077 
600    0.3    0.8       0.5163 
600    0.3    0.85       0.5202 
600    0.3    0.9       0.527 
600    0.3    0.95       0.5308 
600    0.3    1.0       0.5331 
600    0.45    0.0       0.0002404 
600    0.45    0.05       0.01887 
600    0.45    0.1       0.07143 
600    0.45    0.15       0.1509 
600    0.45    0.2       0.2462 
600    0.45    0.25       0.347 
600    0.45    0.3       0.4468 
600    0.45    0.35       0.5412 
600    0.45    0.4       0.6259 
600    0.45    0.45       0.7044 
600    0.45    0.5       0.7711 
600    0.45    0.55       0.8285 
600    0.45    0.6       0.8797 
600    0.45    0.65       0.9263 
600    0.45    0.7       0.9626 
600    0.45    0.75       0.9983 
600    0.45    0.8       1.024 
600    0.45    0.85       1.049 
600    0.45    0.9       1.069 
600    0.45    0.95       1.085 
600    0.45    1.0       1.099 
600    0.4    0.0       0.0001901 
600    0.4    0.05       0.01876 
600    0.4    0.1       0.07056 
600    0.4    0.15       0.146 
600    0.4    0.2       0.2335 
600    0.4    0.25       0.3233 
600    0.4    0.3       0.4091 
600    0.4    0.35       0.4872 
600    0.4    0.4       0.5545 
600    0.4    0.45       0.6135 
600    0.4    0.5       0.6666 
600    0.4    0.55       0.7072 
600    0.4    0.6       0.7462 
600    0.4    0.65       0.7795 
600    0.4    0.7       0.8037 
600    0.4    0.75       0.8269 
600    0.4    0.8       0.8481 
600    0.4    0.85       0.864 
600    0.4    0.9       0.8763 
600    0.4    0.95       0.8893 
600    0.4    1.0       0.8964 
600    0.55    0.0       0.0003594 
600    0.55    0.05       0.01914 
600    0.55    0.1       0.07338 
600    0.55    0.15       0.1569 
600    0.55    0.2       0.2622 
600    0.55    0.25       0.3803 
600    0.55    0.3       0.505 
600    0.55    0.35       0.6299 
600    0.55    0.4       0.7455 
600    0.55    0.45       0.8578 
600    0.55    0.5       0.961 
600    0.55    0.55       1.055 
600    0.55    0.6       1.135 
600    0.55    0.65       1.207 
600    0.55    0.7       1.277 
600    0.55    0.75       1.333 
600    0.55    0.8       1.385 
600    0.55    0.85       1.431 
600    0.55    0.9       1.465 
600    0.55    0.95       1.5 
600    0.55    1.0       1.526 
600    0.5    0.0       0.0002977 
600    0.5    0.05       0.019 
600    0.5    0.1       0.07254 
600    0.5    0.15       0.1543 
600    0.5    0.2       0.256 
600    0.5    0.25       0.3648 
600    0.5    0.3       0.4777 
600    0.5    0.35       0.5865 
600    0.5    0.4       0.69 
600    0.5    0.45       0.7819 
600    0.5    0.5       0.8695 
600    0.5    0.55       0.9463 
600    0.5    0.6       1.012 
600    0.5    0.65       1.07 
600    0.5    0.7       1.12 
600    0.5    0.75       1.168 
600    0.5    0.8       1.206 
600    0.5    0.85       1.239 
600    0.5    0.9       1.269 
600    0.5    0.95       1.29 
600    0.5    1.0       1.31 
600    0.65    0.0       0.0004997 
600    0.65    0.05       0.0193 
600    0.65    0.1       0.07435 
600    0.65    0.15       0.1612 
600    0.65    0.2       0.2734 
600    0.65    0.25       0.404 
600    0.65    0.3       0.5452 
600    0.65    0.35       0.6929 
600    0.65    0.4       0.8424 
600    0.65    0.45       0.9822 
600    0.65    0.5       1.116 
600    0.65    0.55       1.245 
600    0.65    0.6       1.362 
600    0.65    0.65       1.471 
600    0.65    0.7       1.568 
600    0.65    0.75       1.654 
600    0.65    0.8       1.735 
600    0.65    0.85       1.803 
600    0.65    0.9       1.863 
600    0.65    0.95       1.919 
600    0.65    1.0       1.975 
600    0.6    0.0       0.0004262 
600    0.6    0.05       0.01924 
600    0.6    0.1       0.07377 
600    0.6    0.15       0.1587 
600    0.6    0.2       0.268 
600    0.6    0.25       0.3938 
600    0.6    0.3       0.5284 
600    0.6    0.35       0.6635 
600    0.6    0.4       0.7953 
600    0.6    0.45       0.9256 
600    0.6    0.5       1.044 
600    0.6    0.55       1.151 
600    0.6    0.6       1.252 
600    0.6    0.65       1.346 
600    0.6    0.7       1.422 
600    0.6    0.75       1.498 
600    0.6    0.8       1.561 
600    0.6    0.85       1.62 
600    0.6    0.9       1.667 
600    0.6    0.95       1.708 
600    0.6    1.0       1.748 
600    0.75    0.0       0.0006662 
600    0.75    0.05       0.01953 
600    0.75    0.1       0.07502 
600    0.75    0.15       0.164 
600    0.75    0.2       0.2819 
600    0.75    0.25       0.4213 
600    0.75    0.3       0.5742 
600    0.75    0.35       0.7416 
600    0.75    0.4       0.9137 
600    0.75    0.45       1.077 
600    0.75    0.5       1.25 
600    0.75    0.55       1.408 
600    0.75    0.6       1.556 
600    0.75    0.65       1.697 
600    0.75    0.7       1.828 
600    0.75    0.75       1.948 
600    0.75    0.8       2.056 
600    0.75    0.85       2.154 
600    0.75    0.9       2.246 
600    0.75    0.95       2.329 
600    0.75    1.0       2.406 
600    0.7    0.0       0.0005808 
600    0.7    0.05       0.01938 
600    0.7    0.1       0.07459 
600    0.7    0.15       0.1617 
600    0.7    0.2       0.2779 
600    0.7    0.25       0.4133 
600    0.7    0.3       0.5646 
600    0.7    0.35       0.7201 
600    0.7    0.4       0.8751 
600    0.7    0.45       1.034 
600    0.7    0.5       1.184 
600    0.7    0.55       1.328 
600    0.7    0.6       1.469 
600    0.7    0.65       1.587 
600    0.7    0.7       1.701 
600    0.7    0.75       1.807 
600    0.7    0.8       1.9 
600    0.7    0.85       1.984 
600    0.7    0.9       2.06 
600    0.7    0.95       2.126 
600    0.7    1.0       2.188 
600    0.85    0.0       0.0008543 
600    0.85    0.05       0.01978 
600    0.85    0.1       0.07574 
600    0.85    0.15       0.1658 
600    0.85    0.2       0.2859 
600    0.85    0.25       0.4319 
600    0.85    0.3       0.5971 
600    0.85    0.35       0.7781 
600    0.85    0.4       0.9649 
600    0.85    0.45       1.156 
600    0.85    0.5       1.347 
600    0.85    0.55       1.536 
600    0.85    0.6       1.719 
600    0.85    0.65       1.892 
600    0.85    0.7       2.052 
600    0.85    0.75       2.206 
600    0.85    0.8       2.347 
600    0.85    0.85       2.479 
600    0.85    0.9       2.606 
600    0.85    0.95       2.714 
600    0.85    1.0       2.822 
600    0.8    0.0       0.0007549 
600    0.8    0.05       0.01976 
600    0.8    0.1       0.07574 
600    0.8    0.15       0.1658 
600    0.8    0.2       0.284 
600    0.8    0.25       0.4261 
600    0.8    0.3       0.5873 
600    0.8    0.35       0.7609 
600    0.8    0.4       0.9397 
600    0.8    0.45       1.124 
600    0.8    0.5       1.299 
600    0.8    0.55       1.475 
600    0.8    0.6       1.64 
600    0.8    0.65       1.797 
600    0.8    0.7       1.949 
600    0.8    0.75       2.082 
600    0.8    0.8       2.204 
600    0.8    0.85       2.322 
600    0.8    0.9       2.429 
600    0.8    0.95       2.53 
600    0.8    1.0       2.623 
600    0.95    0.0       0.001067 
600    0.95    0.05       0.02005 
600    0.95    0.1       0.07624 
600    0.95    0.15       0.1677 
600    0.95    0.2       0.2901 
600    0.95    0.25       0.4406 
600    0.95    0.3       0.6132 
600    0.95    0.35       0.8029 
600    0.95    0.4       1.005 
600    0.95    0.45       1.213 
600    0.95    0.5       1.43 
600    0.95    0.55       1.639 
600    0.95    0.6       1.84 
600    0.95    0.65       2.044 
600    0.95    0.7       2.241 
600    0.95    0.75       2.431 
600    0.95    0.8       2.608 
600    0.95    0.85       2.775 
600    0.95    0.9       2.926 
600    0.95    0.95       3.073 
600    0.95    1.0       3.207 
600    0.9    0.0       0.0009586 
600    0.9    0.05       0.01994 
600    0.9    0.1       0.07598 
600    0.9    0.15       0.1669 
600    0.9    0.2       0.2884 
600    0.9    0.25       0.4366 
600    0.9    0.3       0.6075 
600    0.9    0.35       0.7901 
600    0.9    0.4       0.9887 
600    0.9    0.45       1.188 
600    0.9    0.5       1.389 
600    0.9    0.55       1.587 
600    0.9    0.6       1.787 
600    0.9    0.65       1.969 
600    0.9    0.7       2.152 
600    0.9    0.75       2.322 
600    0.9    0.8       2.484 
600    0.9    0.85       2.626 
600    0.9    0.9       2.774 
600    0.9    0.95       2.901 
600    0.9    1.0       3.026 
600    1.0    0.0       0.00118 
600    1.0    0.05       0.02013 
600    1.0    0.1       0.07632 
600    1.0    0.15       0.1676 
600    1.0    0.2       0.2917 
600    1.0    0.25       0.4428 
600    1.0    0.3       0.6181 
600    1.0    0.35       0.8124 
600    1.0    0.4       1.021 
600    1.0    0.45       1.238 
600    1.0    0.5       1.458 
600    1.0    0.55       1.683 
600    1.0    0.6       1.9 
600    1.0    0.65       2.116 
600    1.0    0.7       2.322 
600    1.0    0.75       2.525 
600    1.0    0.8       2.725 
600    1.0    0.85       2.91 
600    1.0    0.9       3.079 
600    1.0    0.95       3.237 
600    1.0    1.0       3.399 
700    0.05    0.0       1.552e-06 
700    0.05    0.05       0.004492 
700    0.05    0.1       0.006942 
700    0.05    0.15       0.007723 
700    0.05    0.2       0.008018 
700    0.05    0.25       0.008163 
700    0.05    0.3       0.00828 
700    0.05    0.35       0.008323 
700    0.05    0.4       0.008378 
700    0.05    0.45       0.008398 
700    0.05    0.5       0.008417 
700    0.05    0.55       0.008424 
700    0.05    0.6       0.008476 
700    0.05    0.65       0.008499 
700    0.05    0.7       0.008521 
700    0.05    0.75       0.00855 
700    0.05    0.8       0.008545 
700    0.05    0.85       0.008556 
700    0.05    0.9       0.008565 
700    0.05    0.95       0.008583 
700    0.05    1.0       0.008563 
700    0.15    0.0       1.399e-05 
700    0.15    0.05       0.008554 
700    0.15    0.1       0.02561 
700    0.15    0.15       0.04039 
700    0.15    0.2       0.05087 
700    0.15    0.25       0.05786 
700    0.15    0.3       0.06235 
700    0.15    0.35       0.06559 
700    0.15    0.4       0.06796 
700    0.15    0.45       0.0696 
700    0.15    0.5       0.07074 
700    0.15    0.55       0.07189 
700    0.15    0.6       0.07265 
700    0.15    0.65       0.07323 
700    0.15    0.7       0.07442 
700    0.15    0.75       0.07447 
700    0.15    0.8       0.0751 
700    0.15    0.85       0.07536 
700    0.15    0.9       0.07578 
700    0.15    0.95       0.07568 
700    0.15    1.0       0.07564 
700    0.1    0.0       6.221e-06 
700    0.1    0.05       0.007497 
700    0.1    0.1       0.01807 
700    0.1    0.15       0.02429 
700    0.1    0.2       0.02769 
700    0.1    0.25       0.02967 
700    0.1    0.3       0.03078 
700    0.1    0.35       0.03168 
700    0.1    0.4       0.03219 
700    0.1    0.45       0.0326 
700    0.1    0.5       0.03284 
700    0.1    0.55       0.03304 
700    0.1    0.6       0.03334 
700    0.1    0.65       0.03345 
700    0.1    0.7       0.03376 
700    0.1    0.75       0.03376 
700    0.1    0.8       0.03379 
700    0.1    0.85       0.03399 
700    0.1    0.9       0.03409 
700    0.1    0.95       0.03403 
700    0.1    1.0       0.034 
700    0.25    0.0       3.853e-05 
700    0.25    0.05       0.009203 
700    0.25    0.1       0.03255 
700    0.25    0.15       0.06133 
700    0.25    0.2       0.08907 
700    0.25    0.25       0.1125 
700    0.25    0.3       0.1314 
700    0.25    0.35       0.1461 
700    0.25    0.4       0.1576 
700    0.25    0.45       0.1673 
700    0.25    0.5       0.1739 
700    0.25    0.55       0.1803 
700    0.25    0.6       0.1849 
700    0.25    0.65       0.1892 
700    0.25    0.7       0.193 
700    0.25    0.75       0.1951 
700    0.25    0.8       0.1978 
700    0.25    0.85       0.1993 
700    0.25    0.9       0.2012 
700    0.25    0.95       0.2027 
700    0.25    1.0       0.2034 
700    0.2    0.0       2.48e-05 
700    0.2    0.05       0.008986 
700    0.2    0.1       0.02988 
700    0.2    0.15       0.05278 
700    0.2    0.2       0.0718 
700    0.2    0.25       0.08638 
700    0.2    0.3       0.09732 
700    0.2    0.35       0.1053 
700    0.2    0.4       0.1113 
700    0.2    0.45       0.1155 
700    0.2    0.5       0.1196 
700    0.2    0.55       0.1219 
700    0.2    0.6       0.1243 
700    0.2    0.65       0.1261 
700    0.2    0.7       0.1281 
700    0.2    0.75       0.129 
700    0.2    0.8       0.1306 
700    0.2    0.85       0.1311 
700    0.2    0.9       0.1322 
700    0.2    0.95       0.1321 
700    0.2    1.0       0.1323 
700    0.35    0.0       7.598e-05 
700    0.35    0.05       0.009442 
700    0.35    0.1       0.03509 
700    0.35    0.15       0.07173 
700    0.35    0.2       0.1125 
700    0.35    0.25       0.1531 
700    0.35    0.3       0.1888 
700    0.35    0.35       0.2209 
700    0.35    0.4       0.2479 
700    0.35    0.45       0.2717 
700    0.35    0.5       0.2928 
700    0.35    0.55       0.3083 
700    0.35    0.6       0.323 
700    0.35    0.65       0.3353 
700    0.35    0.7       0.3439 
700    0.35    0.75       0.3525 
700    0.35    0.8       0.3606 
700    0.35    0.85       0.3675 
700    0.35    0.9       0.3708 
700    0.35    0.95       0.3753 
700    0.35    1.0       0.3792 
700    0.3    0.0       5.552e-05 
700    0.3    0.05       0.009371 
700    0.3    0.1       0.03412 
700    0.3    0.15       0.06741 
700    0.3    0.2       0.102 
700    0.3    0.25       0.1344 
700    0.3    0.3       0.1628 
700    0.3    0.35       0.1853 
700    0.3    0.4       0.2045 
700    0.3    0.45       0.2197 
700    0.3    0.5       0.2321 
700    0.3    0.55       0.2428 
700    0.3    0.6       0.2516 
700    0.3    0.65       0.2598 
700    0.3    0.7       0.2656 
700    0.3    0.75       0.2701 
700    0.3    0.8       0.2741 
700    0.3    0.85       0.279 
700    0.3    0.9       0.2822 
700    0.3    0.95       0.2839 
700    0.3    1.0       0.2857 
700    0.45    0.0       0.0001251 
700    0.45    0.05       0.009599 
700    0.45    0.1       0.03648 
700    0.45    0.15       0.07703 
700    0.45    0.2       0.1258 
700    0.45    0.25       0.1783 
700    0.45    0.3       0.23 
700    0.45    0.35       0.2805 
700    0.45    0.4       0.3255 
700    0.45    0.45       0.3665 
700    0.45    0.5       0.4011 
700    0.45    0.55       0.4354 
700    0.45    0.6       0.4659 
700    0.45    0.65       0.4876 
700    0.45    0.7       0.5093 
700    0.45    0.75       0.5288 
700    0.45    0.8       0.5448 
700    0.45    0.85       0.559 
700    0.45    0.9       0.5706 
700    0.45    0.95       0.5792 
700    0.45    1.0       0.5896 
700    0.4    0.0       9.865e-05 
700    0.4    0.05       0.009543 
700    0.4    0.1       0.03596 
700    0.4    0.15       0.07449 
700    0.4    0.2       0.1198 
700    0.4    0.25       0.1667 
700    0.4    0.3       0.2113 
700    0.4    0.35       0.2521 
700    0.4    0.4       0.2895 
700    0.4    0.45       0.3209 
700    0.4    0.5       0.349 
700    0.4    0.55       0.3713 
700    0.4    0.6       0.3942 
700    0.4    0.65       0.413 
700    0.4    0.7       0.4278 
700    0.4    0.75       0.4387 
700    0.4    0.8       0.4493 
700    0.4    0.85       0.4614 
700    0.4    0.9       0.4683 
700    0.4    0.95       0.4745 
700    0.4    1.0       0.4803 
700    0.55    0.0       0.0001869 
700    0.55    0.05       0.009704 
700    0.55    0.1       0.03738 
700    0.55    0.15       0.08005 
700    0.55    0.2       0.1343 
700    0.55    0.25       0.1951 
700    0.55    0.3       0.2601 
700    0.55    0.35       0.324 
700    0.55    0.4       0.3869 
700    0.55    0.45       0.4472 
700    0.55    0.5       0.5029 
700    0.55    0.55       0.551 
700    0.55    0.6       0.597 
700    0.55    0.65       0.6396 
700    0.55    0.7       0.6742 
700    0.55    0.75       0.7059 
700    0.55    0.8       0.7335 
700    0.55    0.85       0.7596 
700    0.55    0.9       0.7796 
700    0.55    0.95       0.8017 
700    0.55    1.0       0.8191 
700    0.5    0.0       0.0001547 
700    0.5    0.05       0.009652 
700    0.5    0.1       0.03696 
700    0.5    0.15       0.07868 
700    0.5    0.2       0.1306 
700    0.5    0.25       0.1874 
700    0.5    0.3       0.2465 
700    0.5    0.35       0.3046 
700    0.5    0.4       0.3581 
700    0.5    0.45       0.408 
700    0.5    0.5       0.4529 
700    0.5    0.55       0.4987 
700    0.5    0.6       0.5313 
700    0.5    0.65       0.5638 
700    0.5    0.7       0.5913 
700    0.5    0.75       0.6165 
700    0.5    0.8       0.6396 
700    0.5    0.85       0.6575 
700    0.5    0.9       0.6735 
700    0.5    0.95       0.6887 
700    0.5    1.0       0.7038 
700    0.65    0.0       0.000262 
700    0.65    0.05       0.009846 
700    0.65    0.1       0.03777 
700    0.65    0.15       0.08223 
700    0.65    0.2       0.1402 
700    0.65    0.25       0.2073 
700    0.65    0.3       0.2806 
700    0.65    0.35       0.3581 
700    0.65    0.4       0.4369 
700    0.65    0.45       0.5101 
700    0.65    0.5       0.5819 
700    0.65    0.55       0.6518 
700    0.65    0.6       0.713 
700    0.65    0.65       0.7738 
700    0.65    0.7       0.8262 
700    0.65    0.75       0.8728 
700    0.65    0.8       0.9158 
700    0.65    0.85       0.9539 
700    0.65    0.9       0.9943 
700    0.65    0.95       1.024 
700    0.65    1.0       1.052 
700    0.6    0.0       0.0002232 
700    0.6    0.05       0.009784 
700    0.6    0.1       0.03756 
700    0.6    0.15       0.08151 
700    0.6    0.2       0.1377 
700    0.6    0.25       0.2018 
700    0.6    0.3       0.271 
700    0.6    0.35       0.3413 
700    0.6    0.4       0.4129 
700    0.6    0.45       0.4824 
700    0.6    0.5       0.543 
700    0.6    0.55       0.603 
700    0.6    0.6       0.6585 
700    0.6    0.65       0.7086 
700    0.6    0.7       0.7496 
700    0.6    0.75       0.7906 
700    0.6    0.8       0.8278 
700    0.6    0.85       0.8584 
700    0.6    0.9       0.8842 
700    0.6    0.95       0.9147 
700    0.6    1.0       0.934 
700    0.75    0.0       0.0003486 
700    0.75    0.05       0.009991 
700    0.75    0.1       0.03839 
700    0.75    0.15       0.0838 
700    0.75    0.2       0.1444 
700    0.75    0.25       0.2152 
700    0.75    0.3       0.2958 
700    0.75    0.35       0.382 
700    0.75    0.4       0.4715 
700    0.75    0.45       0.56 
700    0.75    0.5       0.6482 
700    0.75    0.55       0.7336 
700    0.75    0.6       0.8132 
700    0.75    0.65       0.8867 
700    0.75    0.7       0.9608 
700    0.75    0.75       1.026 
700    0.75    0.8       1.085 
700    0.75    0.85       1.146 
700    0.75    0.9       1.193 
700    0.75    0.95       1.237 
700    0.75    1.0       1.282 
700    0.7    0.0       0.0003052 
700    0.7    0.05       0.009911 
700    0.7    0.1       0.03814 
700    0.7    0.15       0.08305 
700    0.7    0.2       0.1424 
700    0.7    0.25       0.2124 
700    0.7    0.3       0.2906 
700    0.7    0.35       0.3711 
700    0.7    0.4       0.4522 
700    0.7    0.45       0.5379 
700    0.7    0.5       0.618 
700    0.7    0.55       0.6925 
700    0.7    0.6       0.7653 
700    0.7    0.65       0.8334 
700    0.7    0.7       0.8948 
700    0.7    0.75       0.9517 
700    0.7    0.8       1.003 
700    0.7    0.85       1.051 
700    0.7    0.9       1.096 
700    0.7    0.95       1.135 
700    0.7    1.0       1.169 
700    0.85    0.0       0.000449 
700    0.85    0.05       0.01014 
700    0.85    0.1       0.03876 
700    0.85    0.15       0.08527 
700    0.85    0.2       0.1472 
700    0.85    0.25       0.2219 
700    0.85    0.3       0.3074 
700    0.85    0.35       0.4007 
700    0.85    0.4       0.4989 
700    0.85    0.45       0.599 
700    0.85    0.5       0.7005 
700    0.85    0.55       0.7982 
700    0.85    0.6       0.8954 
700    0.85    0.65       0.9889 
700    0.85    0.7       1.074 
700    0.85    0.75       1.164 
700    0.85    0.8       1.241 
700    0.85    0.85       1.312 
700    0.85    0.9       1.382 
700    0.85    0.95       1.442 
700    0.85    1.0       1.504 
700    0.8    0.0       0.0004 
700    0.8    0.05       0.01008 
700    0.8    0.1       0.03854 
700    0.8    0.15       0.08447 
700    0.8    0.2       0.1451 
700    0.8    0.25       0.2192 
700    0.8    0.3       0.3027 
700    0.8    0.35       0.3924 
700    0.8    0.4       0.4855 
700    0.8    0.45       0.5804 
700    0.8    0.5       0.6775 
700    0.8    0.55       0.7682 
700    0.8    0.6       0.8557 
700    0.8    0.65       0.9418 
700    0.8    0.7       1.021 
700    0.8    0.75       1.093 
700    0.8    0.8       1.17 
700    0.8    0.85       1.228 
700    0.8    0.9       1.289 
700    0.8    0.95       1.344 
700    0.8    1.0       1.395 
700    0.95    0.0       0.000561 
700    0.95    0.05       0.01028 
700    0.95    0.1       0.03908 
700    0.95    0.15       0.08592 
700    0.95    0.2       0.1491 
700    0.95    0.25       0.2263 
700    0.95    0.3       0.316 
700    0.95    0.35       0.4131 
700    0.95    0.4       0.5196 
700    0.95    0.45       0.6284 
700    0.95    0.5       0.7396 
700    0.95    0.55       0.8522 
700    0.95    0.6       0.9633 
700    0.95    0.65       1.075 
700    0.95    0.7       1.175 
700    0.95    0.75       1.277 
700    0.95    0.8       1.374 
700    0.95    0.85       1.463 
700    0.95    0.9       1.549 
700    0.95    0.95       1.633 
700    0.95    1.0       1.71 
700    0.9    0.0       0.0005065 
700    0.9    0.05       0.0102 
700    0.9    0.1       0.03893 
700    0.9    0.15       0.08542 
700    0.9    0.2       0.1483 
700    0.9    0.25       0.2244 
700    0.9    0.3       0.312 
700    0.9    0.35       0.4092 
700    0.9    0.4       0.5093 
700    0.9    0.45       0.614 
700    0.9    0.5       0.7218 
700    0.9    0.55       0.8256 
700    0.9    0.6       0.9301 
700    0.9    0.65       1.03 
700    0.9    0.7       1.134 
700    0.9    0.75       1.223 
700    0.9    0.8       1.309 
700    0.9    0.85       1.39 
700    0.9    0.9       1.468 
700    0.9    0.95       1.538 
700    0.9    1.0       1.611 
700    1.0    0.0       0.0006174 
700    1.0    0.05       0.01035 
700    1.0    0.1       0.03917 
700    1.0    0.15       0.08619 
700    1.0    0.2       0.1496 
700    1.0    0.25       0.2277 
700    1.0    0.3       0.3178 
700    1.0    0.35       0.4188 
700    1.0    0.4       0.527 
700    1.0    0.45       0.6395 
700    1.0    0.5       0.7565 
700    1.0    0.55       0.8775 
700    1.0    0.6       0.9946 
700    1.0    0.65       1.108 
700    1.0    0.7       1.22 
700    1.0    0.75       1.331 
700    1.0    0.8       1.433 
700    1.0    0.85       1.534 
700    1.0    0.9       1.63 
700    1.0    0.95       1.722 
700    1.0    1.0       1.804 
800    0.05    0.0       8.485e-07 
800    0.05    0.05       0.00248 
800    0.05    0.1       0.003863 
800    0.05    0.15       0.004306 
800    0.05    0.2       0.004475 
800    0.05    0.25       0.004576 
800    0.05    0.3       0.004615 
800    0.05    0.35       0.004646 
800    0.05    0.4       0.004676 
800    0.05    0.45       0.004684 
800    0.05    0.5       0.004721 
800    0.05    0.55       0.004717 
800    0.05    0.6       0.004739 
800    0.05    0.65       0.004751 
800    0.05    0.7       0.00478 
800    0.05    0.75       0.004792 
800    0.05    0.8       0.004829 
800    0.05    0.85       0.004832 
800    0.05    0.9       0.004833 
800    0.05    0.95       0.00485 
800    0.05    1.0       0.004845 
800    0.15    0.0       7.666e-06 
800    0.15    0.05       0.004639 
800    0.15    0.1       0.01395 
800    0.15    0.15       0.02234 
800    0.15    0.2       0.02813 
800    0.15    0.25       0.03215 
800    0.15    0.3       0.03471 
800    0.15    0.35       0.0364 
800    0.15    0.4       0.03788 
800    0.15    0.45       0.03875 
800    0.15    0.5       0.03975 
800    0.15    0.55       0.04004 
800    0.15    0.6       0.04064 
800    0.15    0.65       0.04121 
800    0.15    0.7       0.04147 
800    0.15    0.75       0.04165 
800    0.15    0.8       0.04226 
800    0.15    0.85       0.04229 
800    0.15    0.9       0.04255 
800    0.15    0.95       0.04271 
800    0.15    1.0       0.04282 
800    0.1    0.0       3.41e-06 
800    0.1    0.05       0.004092 
800    0.1    0.1       0.009908 
800    0.1    0.15       0.01346 
800    0.1    0.2       0.01546 
800    0.1    0.25       0.01652 
800    0.1    0.3       0.01719 
800    0.1    0.35       0.01761 
800    0.1    0.4       0.01793 
800    0.1    0.45       0.01817 
800    0.1    0.5       0.01837 
800    0.1    0.55       0.01854 
800    0.1    0.6       0.01859 
800    0.1    0.65       0.01869 
800    0.1    0.7       0.01887 
800    0.1    0.75       0.01888 
800    0.1    0.8       0.01911 
800    0.1    0.85       0.01918 
800    0.1    0.9       0.01923 
800    0.1    0.95       0.01925 
800    0.1    1.0       0.01927 
800    0.25    0.0       2.127e-05 
800    0.25    0.05       0.004993 
800    0.25    0.1       0.01771 
800    0.25    0.15       0.03373 
800    0.25    0.2       0.04891 
800    0.25    0.25       0.06207 
800    0.25    0.3       0.07261 
800    0.25    0.35       0.08091 
800    0.25    0.4       0.08777 
800    0.25    0.45       0.09283 
800    0.25    0.5       0.09689 
800    0.25    0.55       0.1006 
800    0.25    0.6       0.1034 
800    0.25    0.65       0.106 
800    0.25    0.7       0.1074 
800    0.25    0.75       0.1096 
800    0.25    0.8       0.111 
800    0.25    0.85       0.1123 
800    0.25    0.9       0.1136 
800    0.25    0.95       0.1142 
800    0.25    1.0       0.1149 
800    0.2    0.0       1.358e-05 
800    0.2    0.05       0.004877 
800    0.2    0.1       0.01637 
800    0.2    0.15       0.02898 
800    0.2    0.2       0.03977 
800    0.2    0.25       0.04789 
800    0.2    0.3       0.05382 
800    0.2    0.35       0.05854 
800    0.2    0.4       0.06182 
800    0.2    0.45       0.06454 
800    0.2    0.5       0.0665 
800    0.2    0.55       0.06791 
800    0.2    0.6       0.06915 
800    0.2    0.65       0.07016 
800    0.2    0.7       0.07151 
800    0.2    0.75       0.07241 
800    0.2    0.8       0.07323 
800    0.2    0.85       0.07399 
800    0.2    0.9       0.07445 
800    0.2    0.95       0.07462 
800    0.2    1.0       0.07505 
800    0.35    0.0       4.181e-05 
800    0.35    0.05       0.005136 
800    0.35    0.1       0.01913 
800    0.35    0.15       0.03893 
800    0.35    0.2       0.06154 
800    0.35    0.25       0.0835 
800    0.35    0.3       0.104 
800    0.35    0.35       0.122 
800    0.35    0.4       0.1377 
800    0.35    0.45       0.1502 
800    0.35    0.5       0.1617 
800    0.35    0.55       0.172 
800    0.35    0.6       0.1799 
800    0.35    0.65       0.1861 
800    0.35    0.7       0.1921 
800    0.35    0.75       0.1979 
800    0.35    0.8       0.202 
800    0.35    0.85       0.2066 
800    0.35    0.9       0.2091 
800    0.35    0.95       0.2115 
800    0.35    1.0       0.214 
800    0.3    0.0       3.051e-05 
800    0.3    0.05       0.005081 
800    0.3    0.1       0.01858 
800    0.3    0.15       0.03684 
800    0.3    0.2       0.05605 
800    0.3    0.25       0.07393 
800    0.3    0.3       0.08948 
800    0.3    0.35       0.1024 
800    0.3    0.4       0.113 
800    0.3    0.45       0.1223 
800    0.3    0.5       0.129 
800    0.3    0.55       0.1354 
800    0.3    0.6       0.1404 
800    0.3    0.65       0.1448 
800    0.3    0.7       0.1482 
800    0.3    0.75       0.1521 
800    0.3    0.8       0.155 
800    0.3    0.85       0.1566 
800    0.3    0.9       0.1591 
800    0.3    0.95       0.1602 
800    0.3    1.0       0.1616 
800    0.45    0.0       6.923e-05 
800    0.45    0.05       0.005219 
800    0.45    0.1       0.0199 
800    0.45    0.15       0.04188 
800    0.45    0.2       0.0685 
800    0.45    0.25       0.09739 
800    0.45    0.3       0.1266 
800    0.45    0.35       0.1537 
800    0.45    0.4       0.1797 
800    0.45    0.45       0.2026 
800    0.45    0.5       0.223 
800    0.45    0.55       0.2418 
800    0.45    0.6       0.2574 
800    0.45    0.65       0.2715 
800    0.45    0.7       0.2853 
800    0.45    0.75       0.2956 
800    0.45    0.8       0.3067 
800    0.45    0.85       0.3136 
800    0.45    0.9       0.3206 
800    0.45    0.95       0.3265 
800    0.45    1.0       0.3333 
800    0.4    0.0       5.43e-05 
800    0.4    0.05       0.005185 
800    0.4    0.1       0.01958 
800    0.4    0.15       0.04073 
800    0.4    0.2       0.06552 
800    0.4    0.25       0.0913 
800    0.4    0.3       0.1166 
800    0.4    0.35       0.1395 
800    0.4    0.4       0.1601 
800    0.4    0.45       0.178 
800    0.4    0.5       0.1928 
800    0.4    0.55       0.2064 
800    0.4    0.6       0.2186 
800    0.4    0.65       0.2287 
800    0.4    0.7       0.238 
800    0.4    0.75       0.2457 
800    0.4    0.8       0.2527 
800    0.4    0.85       0.2592 
800    0.4    0.9       0.2636 
800    0.4    0.95       0.2678 
800    0.4    1.0       0.2724 
800    0.55    0.0       0.0001033 
800    0.55    0.05       0.005292 
800    0.55    0.1       0.02028 
800    0.55    0.15       0.04345 
800    0.55    0.2       0.07331 
800    0.55    0.25       0.1065 
800    0.55    0.3       0.1426 
800    0.55    0.35       0.1779 
800    0.55    0.4       0.2132 
800    0.55    0.45       0.2464 
800    0.55    0.5       0.2772 
800    0.55    0.55       0.3046 
800    0.55    0.6       0.3314 
800    0.55    0.65       0.3544 
800    0.55    0.7       0.3765 
800    0.55    0.75       0.3949 
800    0.55    0.8       0.4112 
800    0.55    0.85       0.4254 
800    0.55    0.9       0.4389 
800    0.55    0.95       0.4519 
800    0.55    1.0       0.4619 
800    0.5    0.0       8.457e-05 
800    0.5    0.05       0.00523 
800    0.5    0.1       0.02011 
800    0.5    0.15       0.04282 
800    0.5    0.2       0.07141 
800    0.5    0.25       0.1027 
800    0.5    0.3       0.1348 
800    0.5    0.35       0.1671 
800    0.5    0.4       0.1974 
800    0.5    0.45       0.2248 
800    0.5    0.5       0.2518 
800    0.5    0.55       0.2743 
800    0.5    0.6       0.2954 
800    0.5    0.65       0.3152 
800    0.5    0.7       0.3318 
800    0.5    0.75       0.3453 
800    0.5    0.8       0.3582 
800    0.5    0.85       0.37 
800    0.5    0.9       0.3795 
800    0.5    0.95       0.3889 
800    0.5    1.0       0.3975 
800    0.65    0.0       0.0001438 
800    0.65    0.05       0.005344 
800    0.65    0.1       0.02057 
800    0.65    0.15       0.0448 
800    0.65    0.2       0.0763 
800    0.65    0.25       0.1135 
800    0.65    0.3       0.1546 
800    0.65    0.35       0.1964 
800    0.65    0.4       0.2386 
800    0.65    0.45       0.2804 
800    0.65    0.5       0.3218 
800    0.65    0.55       0.359 
800    0.65    0.6       0.3961 
800    0.65    0.65       0.4286 
800    0.65    0.7       0.4596 
800    0.65    0.75       0.4878 
800    0.65    0.8       0.5125 
800    0.65    0.85       0.5354 
800    0.65    0.9       0.5583 
800    0.65    0.95       0.5778 
800    0.65    1.0       0.5949 
800    0.6    0.0       0.0001227 
800    0.6    0.05       0.005317 
800    0.6    0.1       0.0204 
800    0.6    0.15       0.04418 
800    0.6    0.2       0.07482 
800    0.6    0.25       0.1099 
800    0.6    0.3       0.1489 
800    0.6    0.35       0.1881 
800    0.6    0.4       0.2267 
800    0.6    0.45       0.2642 
800    0.6    0.5       0.2993 
800    0.6    0.55       0.3344 
800    0.6    0.6       0.364 
800    0.6    0.65       0.3936 
800    0.6    0.7       0.4199 
800    0.6    0.75       0.4434 
800    0.6    0.8       0.463 
800    0.6    0.85       0.4818 
800    0.6    0.9       0.4989 
800    0.6    0.95       0.5147 
800    0.6    1.0       0.5281 
800    0.75    0.0       0.0001931 
800    0.75    0.05       0.005444 
800    0.75    0.1       0.02087 
800    0.75    0.15       0.04579 
800    0.75    0.2       0.07871 
800    0.75    0.25       0.1176 
800    0.75    0.3       0.1623 
800    0.75    0.35       0.21 
800    0.75    0.4       0.2596 
800    0.75    0.45       0.3091 
800    0.75    0.5       0.3583 
800    0.75    0.55       0.4056 
800    0.75    0.6       0.4519 
800    0.75    0.65       0.4937 
800    0.75    0.7       0.5349 
800    0.75    0.75       0.5719 
800    0.75    0.8       0.6094 
800    0.75    0.85       0.6418 
800    0.75    0.9       0.6714 
800    0.75    0.95       0.6989 
800    0.75    1.0       0.7238 
800    0.7    0.0       0.0001678 
800    0.7    0.05       0.005382 
800    0.7    0.1       0.02071 
800    0.7    0.15       0.0454 
800    0.7    0.2       0.07767 
800    0.7    0.25       0.1161 
800    0.7    0.3       0.1583 
800    0.7    0.35       0.2032 
800    0.7    0.4       0.2491 
800    0.7    0.45       0.2969 
800    0.7    0.5       0.3402 
800    0.7    0.55       0.3842 
800    0.7    0.6       0.425 
800    0.7    0.65       0.4637 
800    0.7    0.7       0.4982 
800    0.7    0.75       0.532 
800    0.7    0.8       0.5612 
800    0.7    0.85       0.5912 
800    0.7    0.9       0.6165 
800    0.7    0.95       0.6385 
800    0.7    1.0       0.6595 
800    0.85    0.0       0.0002481 
800    0.85    0.05       0.005559 
800    0.85    0.1       0.02119 
800    0.85    0.15       0.0465 
800    0.85    0.2       0.08043 
800    0.85    0.25       0.122 
800    0.85    0.3       0.1685 
800    0.85    0.35       0.2203 
800    0.85    0.4       0.275 
800    0.85    0.45       0.3303 
800    0.85    0.5       0.3875 
800    0.85    0.55       0.442 
800    0.85    0.6       0.4968 
800    0.85    0.65       0.5496 
800    0.85    0.7       0.6011 
800    0.85    0.75       0.65 
800    0.85    0.8       0.6951 
800    0.85    0.85       0.7378 
800    0.85    0.9       0.7761 
800    0.85    0.95       0.8134 
800    0.85    1.0       0.8472 
800    0.8    0.0       0.0002194 
800    0.8    0.05       0.00548 
800    0.8    0.1       0.02103 
800    0.8    0.15       0.04607 
800    0.8    0.2       0.0797 
800    0.8    0.25       0.1204 
800    0.8    0.3       0.1662 
800    0.8    0.35       0.2152 
800    0.8    0.4       0.2674 
800    0.8    0.45       0.3212 
800    0.8    0.5       0.3739 
800    0.8    0.55       0.4258 
800    0.8    0.6       0.4757 
800    0.8    0.65       0.5225 
800    0.8    0.7       0.5681 
800    0.8    0.75       0.6137 
800    0.8    0.8       0.6531 
800    0.8    0.85       0.692 
800    0.8    0.9       0.7263 
800    0.8    0.95       0.7565 
800    0.8    1.0       0.7875 
800    0.95    0.0       0.000313 
800    0.95    0.05       0.005642 
800    0.95    0.1       0.02137 
800    0.95    0.15       0.04713 
800    0.95    0.2       0.08174 
800    0.95    0.25       0.1246 
800    0.95    0.3       0.1737 
800    0.95    0.35       0.228 
800    0.95    0.4       0.2862 
800    0.95    0.45       0.3467 
800    0.95    0.5       0.409 
800    0.95    0.55       0.473 
800    0.95    0.6       0.5364 
800    0.95    0.65       0.5984 
800    0.95    0.7       0.6579 
800    0.95    0.75       0.7156 
800    0.95    0.8       0.7688 
800    0.95    0.85       0.8211 
800    0.95    0.9       0.8739 
800    0.95    0.95       0.9212 
800    0.95    1.0       0.9637 
800    0.9    0.0       0.0002793 
800    0.9    0.05       0.005581 
800    0.9    0.1       0.02129 
800    0.9    0.15       0.04693 
800    0.9    0.2       0.08111 
800    0.9    0.25       0.1232 
800    0.9    0.3       0.1719 
800    0.9    0.35       0.2246 
800    0.9    0.4       0.2815 
800    0.9    0.45       0.3392 
800    0.9    0.5       0.3985 
800    0.9    0.55       0.4592 
800    0.9    0.6       0.5172 
800    0.9    0.65       0.5755 
800    0.9    0.7       0.6313 
800    0.9    0.75       0.6844 
800    0.9    0.8       0.7331 
800    0.9    0.85       0.7794 
800    0.9    0.9       0.8253 
800    0.9    0.95       0.8703 
800    0.9    1.0       0.9066 
800    1.0    0.0       0.0003468 
800    1.0    0.05       0.005655 
800    1.0    0.1       0.02148 
800    1.0    0.15       0.04721 
800    1.0    0.2       0.08225 
800    1.0    0.25       0.1254 
800    1.0    0.3       0.1751 
800    1.0    0.35       0.2309 
800    1.0    0.4       0.2909 
800    1.0    0.45       0.3541 
800    1.0    0.5       0.4204 
800    1.0    0.55       0.4866 
800    1.0    0.6       0.5528 
800    1.0    0.65       0.6182 
800    1.0    0.7       0.6834 
800    1.0    0.75       0.7433 
800    1.0    0.8       0.803 
800    1.0    0.85       0.8634 
800    1.0    0.9       0.9169 
800    1.0    0.95       0.9693 
800    1.0    1.0       1.019 
900    0.05    0.0       4.848e-07 
900    0.05    0.05       0.001427 
900    0.05    0.1       0.002242 
900    0.05    0.15       0.002498 
900    0.05    0.2       0.002598 
900    0.05    0.25       0.002661 
900    0.05    0.3       0.002687 
900    0.05    0.35       0.002709 
900    0.05    0.4       0.002723 
900    0.05    0.45       0.002738 
900    0.05    0.5       0.002738 
900    0.05    0.55       0.002763 
900    0.05    0.6       0.002768 
900    0.05    0.65       0.002778 
900    0.05    0.7       0.002794 
900    0.05    0.75       0.002806 
900    0.05    0.8       0.002828 
900    0.05    0.85       0.002834 
900    0.05    0.9       0.002853 
900    0.05    0.95       0.002859 
900    0.05    1.0       0.002866 
900    0.15    0.0       4.381e-06 
900    0.15    0.05       0.002651 
900    0.15    0.1       0.00804 
900    0.15    0.15       0.01288 
900    0.15    0.2       0.01635 
900    0.15    0.25       0.0186 
900    0.15    0.3       0.0202 
900    0.15    0.35       0.0212 
900    0.15    0.4       0.02199 
900    0.15    0.45       0.02258 
900    0.15    0.5       0.02308 
900    0.15    0.55       0.02334 
900    0.15    0.6       0.02371 
900    0.15    0.65       0.02403 
900    0.15    0.7       0.02423 
900    0.15    0.75       0.02448 
900    0.15    0.8       0.0247 
900    0.15    0.85       0.02503 
900    0.15    0.9       0.02516 
900    0.15    0.95       0.02527 
900    0.15    1.0       0.02536 
900    0.1    0.0       1.943e-06 
900    0.1    0.05       0.002349 
900    0.1    0.1       0.005728 
900    0.1    0.15       0.007795 
900    0.1    0.2       0.008936 
900    0.1    0.25       0.009625 
900    0.1    0.3       0.01003 
900    0.1    0.35       0.01026 
900    0.1    0.4       0.01047 
900    0.1    0.45       0.0106 
900    0.1    0.5       0.01071 
900    0.1    0.55       0.01081 
900    0.1    0.6       0.01086 
900    0.1    0.65       0.01095 
900    0.1    0.7       0.01102 
900    0.1    0.75       0.01107 
900    0.1    0.8       0.01119 
900    0.1    0.85       0.01122 
900    0.1    0.9       0.01131 
900    0.1    0.95       0.01136 
900    0.1    1.0       0.01139 
900    0.25    0.0       1.215e-05 
900    0.25    0.05       0.00286 
900    0.25    0.1       0.0102 
900    0.25    0.15       0.01927 
900    0.25    0.2       0.02831 
900    0.25    0.25       0.03568 
900    0.25    0.3       0.042 
900    0.25    0.35       0.04684 
900    0.25    0.4       0.05086 
900    0.25    0.45       0.05402 
900    0.25    0.5       0.05644 
900    0.25    0.55       0.05844 
900    0.25    0.6       0.06011 
900    0.25    0.65       0.06146 
900    0.25    0.7       0.06297 
900    0.25    0.75       0.06416 
900    0.25    0.8       0.06521 
900    0.25    0.85       0.06604 
900    0.25    0.9       0.06693 
900    0.25    0.95       0.06762 
900    0.25    1.0       0.06804 
900    0.2    0.0       7.789e-06 
900    0.2    0.05       0.002781 
900    0.2    0.1       0.009334 
900    0.2    0.15       0.01663 
900    0.2    0.2       0.02292 
900    0.2    0.25       0.02779 
900    0.2    0.3       0.03134 
900    0.2    0.35       0.0338 
900    0.2    0.4       0.03601 
900    0.2    0.45       0.03761 
900    0.2    0.5       0.03845 
900    0.2    0.55       0.03959 
900    0.2    0.6       0.0406 
900    0.2    0.65       0.04108 
900    0.2    0.7       0.04179 
900    0.2    0.75       0.0424 
900    0.2    0.8       0.04288 
900    0.2    0.85       0.04341 
900    0.2    0.9       0.04383 
900    0.2    0.95       0.0442 
900    0.2    1.0       0.04443 
900    0.35    0.0       2.379e-05 
900    0.35    0.05       0.002936 
900    0.35    0.1       0.01094 
900    0.35    0.15       0.02241 
900    0.35    0.2       0.03523 
900    0.35    0.25       0.04811 
900    0.35    0.3       0.06003 
900    0.35    0.35       0.07078 
900    0.35    0.4       0.07966 
900    0.35    0.45       0.0872 
900    0.35    0.5       0.09383 
900    0.35    0.55       0.09982 
900    0.35    0.6       0.104 
900    0.35    0.65       0.1089 
900    0.35    0.7       0.1125 
900    0.35    0.75       0.1158 
900    0.35    0.8       0.1187 
900    0.35    0.85       0.1214 
900    0.35    0.9       0.123 
900    0.35    0.95       0.125 
900    0.35    1.0       0.1266 
900    0.3    0.0       1.755e-05 
900    0.3    0.05       0.002914 
900    0.3    0.1       0.01064 
900    0.3    0.15       0.0211 
900    0.3    0.2       0.03213 
900    0.3    0.25       0.04245 
900    0.3    0.3       0.0518 
900    0.3    0.35       0.05942 
900    0.3    0.4       0.06548 
900    0.3    0.45       0.07062 
900    0.3    0.5       0.07501 
900    0.3    0.55       0.07863 
900    0.3    0.6       0.08205 
900    0.3    0.65       0.08453 
900    0.3    0.7       0.08644 
900    0.3    0.75       0.08868 
900    0.3    0.8       0.09045 
900    0.3    0.85       0.0923 
900    0.3    0.9       0.0935 
900    0.3    0.95       0.095 
900    0.3    1.0       0.09592 
900    0.45    0.0       3.918e-05 
900    0.45    0.05       0.002982 
900    0.45    0.1       0.01136 
900    0.45    0.15       0.02403 
900    0.45    0.2       0.0394 
900    0.45    0.25       0.05602 
900    0.45    0.3       0.07289 
900    0.45    0.35       0.08902 
900    0.45    0.4       0.1039 
900    0.45    0.45       0.1174 
900    0.45    0.5       0.1293 
900    0.45    0.55       0.1404 
900    0.45    0.6       0.15 
900    0.45    0.65       0.1587 
900    0.45    0.7       0.1665 
900    0.45    0.75       0.1733 
900    0.45    0.8       0.1796 
900    0.45    0.85       0.1845 
900    0.45    0.9       0.189 
900    0.45    0.95       0.1935 
900    0.45    1.0       0.1967 
900    0.4    0.0       3.124e-05 
900    0.4    0.05       0.002954 
900    0.4    0.1       0.01114 
900    0.4    0.15       0.02335 
900    0.4    0.2       0.03761 
900    0.4    0.25       0.05249 
900    0.4    0.3       0.06725 
900    0.4    0.35       0.08026 
900    0.4    0.4       0.0925 
900    0.4    0.45       0.1027 
900    0.4    0.5       0.112 
900    0.4    0.55       0.1202 
900    0.4    0.6       0.1275 
900    0.4    0.65       0.1337 
900    0.4    0.7       0.1387 
900    0.4    0.75       0.144 
900    0.4    0.8       0.1483 
900    0.4    0.85       0.1518 
900    0.4    0.9       0.1555 
900    0.4    0.95       0.1584 
900    0.4    1.0       0.1602 
900    0.55    0.0       5.875e-05 
900    0.55    0.05       0.003024 
900    0.55    0.1       0.01157 
900    0.55    0.15       0.02499 
900    0.55    0.2       0.04185 
900    0.55    0.25       0.06117 
900    0.55    0.3       0.08187 
900    0.55    0.35       0.103 
900    0.55    0.4       0.1234 
900    0.55    0.45       0.1418 
900    0.55    0.5       0.1605 
900    0.55    0.55       0.1768 
900    0.55    0.6       0.1926 
900    0.55    0.65       0.2066 
900    0.55    0.7       0.22 
900    0.55    0.75       0.2313 
900    0.55    0.8       0.2419 
900    0.55    0.85       0.2502 
900    0.55    0.9       0.2594 
900    0.55    0.95       0.2664 
900    0.55    1.0       0.2722 
900    0.5    0.0       4.838e-05 
900    0.5    0.05       0.003013 
900    0.5    0.1       0.01152 
900    0.5    0.15       0.02454 
900    0.5    0.2       0.04093 
900    0.5    0.25       0.05874 
900    0.5    0.3       0.07768 
900    0.5    0.35       0.09597 
900    0.5    0.4       0.114 
900    0.5    0.45       0.1306 
900    0.5    0.5       0.1448 
900    0.5    0.55       0.1594 
900    0.5    0.6       0.1716 
900    0.5    0.65       0.1826 
900    0.5    0.7       0.1931 
900    0.5    0.75       0.202 
900    0.5    0.8       0.2101 
900    0.5    0.85       0.2179 
900    0.5    0.9       0.224 
900    0.5    0.95       0.2285 
900    0.5    1.0       0.2341 
900    0.65    0.0       8.271e-05 
900    0.65    0.05       0.003067 
900    0.65    0.1       0.01186 
900    0.65    0.15       0.02579 
900    0.65    0.2       0.04388 
900    0.65    0.25       0.06503 
900    0.65    0.3       0.08813 
900    0.65    0.35       0.113 
900    0.65    0.4       0.1383 
900    0.65    0.45       0.1623 
900    0.65    0.5       0.187 
900    0.65    0.55       0.2094 
900    0.65    0.6       0.231 
900    0.65    0.65       0.2506 
900    0.65    0.7       0.2693 
900    0.65    0.75       0.2866 
900    0.65    0.8       0.3018 
900    0.65    0.85       0.315 
900    0.65    0.9       0.3287 
900    0.65    0.95       0.3391 
900    0.65    1.0       0.3507 
900    0.6    0.0       7.013e-05 
900    0.6    0.05       0.003036 
900    0.6    0.1       0.01169 
900    0.6    0.15       0.02525 
900    0.6    0.2       0.0429 
900    0.6    0.25       0.06362 
900    0.6    0.3       0.08538 
900    0.6    0.35       0.1081 
900    0.6    0.4       0.1307 
900    0.6    0.45       0.1532 
900    0.6    0.5       0.1739 
900    0.6    0.55       0.1939 
900    0.6    0.6       0.2122 
900    0.6    0.65       0.2298 
900    0.6    0.7       0.2454 
900    0.6    0.75       0.2591 
900    0.6    0.8       0.2725 
900    0.6    0.85       0.2833 
900    0.6    0.9       0.2931 
900    0.6    0.95       0.3036 
900    0.6    1.0       0.3111 
900    0.75    0.0       0.0001102 
900    0.75    0.05       0.003127 
900    0.75    0.1       0.01198 
900    0.75    0.15       0.02634 
900    0.75    0.2       0.04514 
900    0.75    0.25       0.06803 
900    0.75    0.3       0.0936 
900    0.75    0.35       0.1213 
900    0.75    0.4       0.1503 
900    0.75    0.45       0.1788 
900    0.75    0.5       0.2081 
900    0.75    0.55       0.2372 
900    0.75    0.6       0.2627 
900    0.75    0.65       0.2897 
900    0.75    0.7       0.313 
900    0.75    0.75       0.3369 
900    0.75    0.8       0.3571 
900    0.75    0.85       0.3766 
900    0.75    0.9       0.3948 
900    0.75    0.95       0.4119 
900    0.75    1.0       0.4276 
900    0.7    0.0       9.588e-05 
900    0.7    0.05       0.0031 
900    0.7    0.1       0.01188 
900    0.7    0.15       0.02591 
900    0.7    0.2       0.04459 
900    0.7    0.25       0.06663 
900    0.7    0.3       0.09122 
900    0.7    0.35       0.1174 
900    0.7    0.4       0.1446 
900    0.7    0.45       0.1712 
900    0.7    0.5       0.1979 
900    0.7    0.55       0.2239 
900    0.7    0.6       0.2477 
900    0.7    0.65       0.2704 
900    0.7    0.7       0.2926 
900    0.7    0.75       0.3114 
900    0.7    0.8       0.3304 
900    0.7    0.85       0.3473 
900    0.7    0.9       0.3608 
900    0.7    0.95       0.3755 
900    0.7    1.0       0.3903 
900    0.85    0.0       0.0001434 
900    0.85    0.05       0.003188 
900    0.85    0.1       0.01219 
900    0.85    0.15       0.0268 
900    0.85    0.2       0.04652 
900    0.85    0.25       0.07027 
900    0.85    0.3       0.09749 
900    0.85    0.35       0.1275 
900    0.85    0.4       0.1595 
900    0.85    0.45       0.1919 
900    0.85    0.5       0.2254 
900    0.85    0.55       0.2586 
900    0.85    0.6       0.2906 
900    0.85    0.65       0.3221 
900    0.85    0.7       0.3515 
900    0.85    0.75       0.3801 
900    0.85    0.8       0.4072 
900    0.85    0.85       0.4334 
900    0.85    0.9       0.4577 
900    0.85    0.95       0.4799 
900    0.85    1.0       0.5008 
900    0.8    0.0       0.000126 
900    0.8    0.05       0.003152 
900    0.8    0.1       0.0121 
900    0.8    0.15       0.02654 
900    0.8    0.2       0.04601 
900    0.8    0.25       0.0694 
900    0.8    0.3       0.0958 
900    0.8    0.35       0.1242 
900    0.8    0.4       0.1553 
900    0.8    0.45       0.1857 
900    0.8    0.5       0.2172 
900    0.8    0.55       0.2481 
900    0.8    0.6       0.2781 
900    0.8    0.65       0.306 
900    0.8    0.7       0.3341 
900    0.8    0.75       0.3581 
900    0.8    0.8       0.3827 
900    0.8    0.85       0.4056 
900    0.8    0.9       0.4268 
900    0.8    0.95       0.4468 
900    0.8    1.0       0.4647 
900    0.95    0.0       0.0001801 
900    0.95    0.05       0.003258 
900    0.95    0.1       0.01241 
900    0.95    0.15       0.02729 
900    0.95    0.2       0.04727 
900    0.95    0.25       0.07211 
900    0.95    0.3       0.1007 
900    0.95    0.35       0.1327 
900    0.95    0.4       0.1667 
900    0.95    0.45       0.2027 
900    0.95    0.5       0.2393 
900    0.95    0.55       0.2751 
900    0.95    0.6       0.3132 
900    0.95    0.65       0.3484 
900    0.95    0.7       0.3849 
900    0.95    0.75       0.4192 
900    0.95    0.8       0.4524 
900    0.95    0.85       0.4842 
900    0.95    0.9       0.5137 
900    0.95    0.95       0.5434 
900    0.95    1.0       0.5698 
900    0.9    0.0       0.0001615 
900    0.9    0.05       0.003229 
900    0.9    0.1       0.01231 
900    0.9    0.15       0.027 
900    0.9    0.2       0.04684 
900    0.9    0.25       0.07129 
900    0.9    0.3       0.09947 
900    0.9    0.35       0.13 
900    0.9    0.4       0.1632 
900    0.9    0.45       0.198 
900    0.9    0.5       0.2325 
900    0.9    0.55       0.2676 
900    0.9    0.6       0.302 
900    0.9    0.65       0.3362 
900    0.9    0.7       0.3686 
900    0.9    0.75       0.3998 
900    0.9    0.8       0.4309 
900    0.9    0.85       0.4598 
900    0.9    0.9       0.486 
900    0.9    0.95       0.5106 
900    0.9    1.0       0.5371 
900    1.0    0.0       0.0002002 
900    1.0    0.05       0.003284 
900    1.0    0.1       0.01247 
900    1.0    0.15       0.02742 
900    1.0    0.2       0.04775 
900    1.0    0.25       0.07285 
900    1.0    0.3       0.1018 
900    1.0    0.35       0.1345 
900    1.0    0.4       0.1698 
900    1.0    0.45       0.2059 
900    1.0    0.5       0.2454 
900    1.0    0.55       0.2838 
900    1.0    0.6       0.3217 
900    1.0    0.65       0.361 
900    1.0    0.7       0.3988 
900    1.0    0.75       0.4371 
900    1.0    0.8       0.4722 
900    1.0    0.85       0.5066 
900    1.0    0.9       0.541 
900    1.0    0.95       0.5713 
900    1.0    1.0       0.6035 
